n,model,params_hash,params,train_r2,val_r2,test_r2,train_rmse,val_rmse,test_rmse,train_spearman,val_spearman,test_spearman,fit_time,predict_time,n_features,n_train,n_val,n_test,best_iteration,model_path
16,lgb,learning_rate=0.1_max_depth=8_num_leaves=63,"{""num_leaves"": 63, ""max_depth"": 8, ""learning_rate"": 0.1}",0.6224397961936896,0.5882236155404938,0.5612441463024573,22.695860071348616,23.7680030319228,24.474709993390526,0.7877485139898744,0.7636565377743039,0.7438462568446853,48.919161319732666,1.2296972274780273,131,425000,75000,64000,999,
32,lgb,learning_rate=0.1_max_depth=8_num_leaves=63,"{""num_leaves"": 63, ""max_depth"": 8, ""learning_rate"": 0.1}",0.7031717667511517,0.6551653025152405,0.6276681936020724,40.266882254965175,43.469589070855605,45.093204340462236,0.8381075043725298,0.8035575091556563,0.7866572137781831,77.46754312515259,2.618093490600586,227,425000,75000,128000,1000,
8,lgb,learning_rate=0.05_max_depth=6_num_leaves=31,"{""num_leaves"": 31, ""max_depth"": 6, ""learning_rate"": 0.05}",0.5026683043790457,0.491114076191579,0.5030879958061549,13.019856752247785,13.177116790486712,13.021951521609562,0.7060327751216693,0.697387569773747,0.7067560623575682,31.92200756072998,0.5112810134887695,83,425000,75000,32000,999,
8,lgb,learning_rate=0.1_max_depth=6_num_leaves=31,"{""num_leaves"": 31, ""max_depth"": 6, ""learning_rate"": 0.1}",0.5114880222128569,0.4996237569274863,0.5015587490105797,12.897800720648528,13.047452562292365,13.041973658160014,0.712607747172421,0.7041554017974457,0.7057634208468657,24.450220823287964,0.4898998737335205,83,425000,75000,32000,992,
8,lgb,learning_rate=0.2_max_depth=6_num_leaves=31,"{""num_leaves"": 31, ""max_depth"": 6, ""learning_rate"": 0.2}",0.509468937893395,0.49795951257453797,0.5009811001986686,12.942415179272661,13.09816689370471,13.049528710156714,0.7110786837654381,0.7022036794728563,0.7055017712766645,13.69455075263977,0.22785210609436035,83,425000,75000,32000,442,
8,lgb,learning_rate=0.05_max_depth=8_num_leaves=31,"{""num_leaves"": 31, ""max_depth"": 8, ""learning_rate"": 0.05}",0.5055286535321737,0.49946150409037227,0.5028825652508307,12.994636899092605,13.090705864664699,13.02464297430659,0.7084501693575112,0.7038519980568918,0.7063613653501845,25.04335045814514,0.4394564628601074,83,425000,75000,32000,999,
8,lgb,learning_rate=0.1_max_depth=8_num_leaves=31,"{""num_leaves"": 31, ""max_depth"": 8, ""learning_rate"": 0.1}",0.5142302651871458,0.497695536289961,0.5037800904604681,12.872379811673875,13.090846145611831,13.012879932219665,0.7144234842669875,0.7020295803048886,0.7073661333810768,22.581425428390503,0.3808877468109131,83,425000,75000,32000,942,
8,lgb,learning_rate=0.2_max_depth=8_num_leaves=31,"{""num_leaves"": 31, ""max_depth"": 8, ""learning_rate"": 0.2}",0.5055479740617257,0.4931230670166723,0.4990864563920657,12.98616394470631,13.131466523236632,13.074278058700127,0.7086595118182709,0.698916544053494,0.7039024200985512,12.959606170654297,0.18820953369140625,83,425000,75000,32000,451,
8,lgb,learning_rate=0.05_max_depth=10_num_leaves=31,"{""num_leaves"": 31, ""max_depth"": 10, ""learning_rate"": 0.05}",0.5053406604286195,0.4911686965826927,0.5039507424044918,12.999411417812752,13.188901308991293,13.010642149965818,0.7085598933778766,0.6966693932265696,0.7072376656656757,28.888922929763794,0.4245789051055908,83,425000,75000,32000,1000,
8,lgb,learning_rate=0.1_max_depth=10_num_leaves=31,"{""num_leaves"": 31, ""max_depth"": 10, ""learning_rate"": 0.1}",0.5093171610266274,0.5009615825354755,0.5032044775884956,12.943585283143014,13.073164577562844,13.020425185950183,0.7111130860643965,0.7047205265861559,0.7066415385471521,18.995357751846313,0.2933347225189209,83,425000,75000,32000,736,
8,lgb,learning_rate=0.2_max_depth=10_num_leaves=31,"{""num_leaves"": 31, ""max_depth"": 10, ""learning_rate"": 0.2}",0.5085394584229372,0.49032981407072673,0.5020949324434427,12.944056865349769,13.169824740538365,13.03495701196115,0.7106758342842723,0.696864317725569,0.7063785697064888,14.982864141464233,0.20555639266967773,83,425000,75000,32000,535,
8,lgb,learning_rate=0.05_max_depth=12_num_leaves=31,"{""num_leaves"": 31, ""max_depth"": 12, ""learning_rate"": 0.05}",0.5046663436145264,0.49636046022278557,0.5039495275484929,13.001019179111845,13.134440638320498,13.01065808189873,0.7079109728384746,0.701358597778621,0.7070383723185211,24.404436349868774,0.4179396629333496,83,425000,75000,32000,997,
8,lgb,learning_rate=0.1_max_depth=12_num_leaves=31,"{""num_leaves"": 31, ""max_depth"": 12, ""learning_rate"": 0.1}",0.507568376952046,0.4967063428842584,0.502245129065805,12.957042623676037,13.087205194099576,13.032990819696533,0.709769603606341,0.7009779924509991,0.7060443871810308,22.153782606124878,0.33826327323913574,83,425000,75000,32000,886,
8,lgb,learning_rate=0.2_max_depth=12_num_leaves=31,"{""num_leaves"": 31, ""max_depth"": 12, ""learning_rate"": 0.2}",0.5064574504363295,0.4930792133671863,0.5018375146075593,12.96938676662154,13.132603452983842,13.0383261249353,0.7091248059668792,0.6986105090812507,0.7061862376902711,12.622460842132568,0.18254923820495605,83,425000,75000,32000,439,
8,lgb,learning_rate=0.05_max_depth=6_num_leaves=63,"{""num_leaves"": 63, ""max_depth"": 6, ""learning_rate"": 0.05}",0.5093614605577454,0.4996180211221367,0.5015844737466222,12.935352264620143,13.074784230002278,13.0416371032921,0.7111511008552134,0.7042132166491397,0.7056833119754875,30.248533964157104,0.6198704242706299,83,425000,75000,32000,999,
8,lgb,learning_rate=0.1_max_depth=6_num_leaves=63,"{""num_leaves"": 63, ""max_depth"": 6, ""learning_rate"": 0.1}",0.5075556833275408,0.49389233513272124,0.5011700076302877,12.973896861243176,13.126539952220014,13.04705847676649,0.7101127962648419,0.7004273159083979,0.7051966568357639,23.90798258781433,0.34803152084350586,83,425000,75000,32000,548,
8,lgb,learning_rate=0.2_max_depth=6_num_leaves=63,"{""num_leaves"": 63, ""max_depth"": 6, ""learning_rate"": 0.2}",0.5070499223018083,0.49780931097763403,0.5007264588451499,12.960161009596876,13.109605539122935,13.052857768285556,0.7094732807291707,0.7033640386145885,0.7045401804188178,13.121840476989746,0.21518588066101074,83,425000,75000,32000,329,
8,lgb,learning_rate=0.05_max_depth=8_num_leaves=63,"{""num_leaves"": 63, ""max_depth"": 8, ""learning_rate"": 0.05}",0.5086714926376534,0.49808632453585633,0.5022868687312563,12.94861868132709,13.12390545355147,13.032444361878504,0.710973921096981,0.7021585537496016,0.7061594515920027,26.803761959075928,0.532296895980835,83,425000,75000,32000,850,
8,lgb,learning_rate=0.1_max_depth=8_num_leaves=63,"{""num_leaves"": 63, ""max_depth"": 8, ""learning_rate"": 0.1}",0.506851878891438,0.4929472598298067,0.5010616014214857,12.972285430453057,13.1448298836784,13.04847609933505,0.709675803033041,0.6987306399018818,0.7050489608083192,15.158218622207642,0.27028346061706543,83,425000,75000,32000,449,
8,lgb,learning_rate=0.2_max_depth=8_num_leaves=63,"{""num_leaves"": 63, ""max_depth"": 8, ""learning_rate"": 0.2}",0.5100666806337955,0.4979963104183348,0.503014277428932,12.925869067492838,13.089063939723081,13.022917408452567,0.7118320694969763,0.7031101511455534,0.7063675562520773,8.643177032470703,0.12099313735961914,83,425000,75000,32000,195,
8,lgb,learning_rate=0.05_max_depth=10_num_leaves=63,"{""num_leaves"": 63, ""max_depth"": 10, ""learning_rate"": 0.05}",0.5107269234449267,0.5000610458080387,0.5032702280812507,12.924696368195015,13.036929295586166,13.019563535974362,0.7122775484865402,0.7034010100895867,0.7067717608336659,26.14784550666809,0.4809408187866211,83,425000,75000,32000,907,
8,lgb,learning_rate=0.1_max_depth=10_num_leaves=63,"{""num_leaves"": 63, ""max_depth"": 10, ""learning_rate"": 0.1}",0.5112709290960175,0.5027423780704332,0.5024714157355756,12.924114023639751,13.048394772115051,13.030027988467056,0.7124608200328305,0.7053424813061668,0.7064292147487969,15.27515959739685,0.24670648574829102,83,425000,75000,32000,493,
8,lgb,learning_rate=0.2_max_depth=10_num_leaves=63,"{""num_leaves"": 63, ""max_depth"": 10, ""learning_rate"": 0.2}",0.5090391553840747,0.4938233732699916,0.5015321574817495,12.937713862559976,13.135120695999422,13.042321544086887,0.7108241759644547,0.7000530184767593,0.7057673079699675,9.70895791053772,0.13689923286437988,83,425000,75000,32000,263,
8,lgb,learning_rate=0.05_max_depth=12_num_leaves=63,"{""num_leaves"": 63, ""max_depth"": 12, ""learning_rate"": 0.05}",0.5080199480332164,0.49857439190294905,0.501936008301661,12.955311815230063,13.082795038802548,13.037037131459671,0.7103586807185417,0.7031053145369802,0.7058628836576524,29.848726749420166,0.415618896484375,83,425000,75000,32000,843,
8,lgb,learning_rate=0.1_max_depth=12_num_leaves=63,"{""num_leaves"": 63, ""max_depth"": 12, ""learning_rate"": 0.1}",0.5109866881159046,0.49616426867420216,0.5014255544069545,12.922310996787274,13.075254893035508,13.043716094680487,0.7123731053037184,0.701015843736966,0.7050442301871959,15.116502523422241,0.21817469596862793,83,425000,75000,32000,437,
8,lgb,learning_rate=0.2_max_depth=12_num_leaves=63,"{""num_leaves"": 63, ""max_depth"": 12, ""learning_rate"": 0.2}",0.5099823580020006,0.4943096672026017,0.5009398470967386,12.92929907043027,13.127842520860183,13.05006809094259,0.711412119730869,0.7004926828561358,0.7055612263499808,9.934492826461792,0.14254117012023926,83,425000,75000,32000,276,
8,lgb,learning_rate=0.05_max_depth=6_num_leaves=127,"{""num_leaves"": 127, ""max_depth"": 6, ""learning_rate"": 0.05}",0.5121454529484619,0.5042032157906122,0.502989454403384,12.89148882008459,13.01206929603887,13.023242633263237,0.7131808575370451,0.7061454859173483,0.7066423375445181,29.85140085220337,0.6157410144805908,83,425000,75000,32000,999,
8,lgb,learning_rate=0.1_max_depth=6_num_leaves=127,"{""num_leaves"": 127, ""max_depth"": 6, ""learning_rate"": 0.1}",0.5054617848333911,0.493798900685664,0.5027915211639586,12.986799069767082,13.13983645786927,13.025835612458769,0.7084499615506563,0.6993835925917713,0.7066191677196828,18.909074544906616,0.3295173645019531,83,425000,75000,32000,528,
8,lgb,learning_rate=0.2_max_depth=6_num_leaves=127,"{""num_leaves"": 127, ""max_depth"": 6, ""learning_rate"": 0.2}",0.5116510090963213,0.5009769499950629,0.5006712378540962,12.905684159711452,13.040146944890717,13.05357958884419,0.7125461391270914,0.7041194456913911,0.7053869643468516,12.417971849441528,0.20093774795532227,83,425000,75000,32000,312,
8,lgb,learning_rate=0.05_max_depth=8_num_leaves=127,"{""num_leaves"": 127, ""max_depth"": 8, ""learning_rate"": 0.05}",0.508841742274847,0.4985548927867034,0.5040829148005112,12.939978824228518,13.10123032405623,13.008908690752103,0.7107925103580023,0.7029255981925018,0.7074102038635774,20.88913369178772,0.4163820743560791,83,425000,75000,32000,487,
8,lgb,learning_rate=0.1_max_depth=8_num_leaves=127,"{""num_leaves"": 127, ""max_depth"": 8, ""learning_rate"": 0.1}",0.5117058501149607,0.49918165947825577,0.5029718071655076,12.911846002641576,13.033870773397764,13.023473837834919,0.7127625295264933,0.7037178201358681,0.7064530451245147,12.995821237564087,0.21628880500793457,83,425000,75000,32000,244,
8,lgb,learning_rate=0.2_max_depth=8_num_leaves=127,"{""num_leaves"": 127, ""max_depth"": 8, ""learning_rate"": 0.2}",0.506828492461074,0.49930188189706226,0.5013923791686163,12.97037642612928,13.110320839556492,13.044150053135299,0.7093048781803598,0.7038814756087451,0.7057994465997547,8.31186056137085,0.10367941856384277,83,425000,75000,32000,123,
8,lgb,learning_rate=0.05_max_depth=10_num_leaves=127,"{""num_leaves"": 127, ""max_depth"": 10, ""learning_rate"": 0.05}",0.5090160294967909,0.4968599839726724,0.5023681135956032,12.9344795371622,13.096423543514923,13.031380634280485,0.7113120017315866,0.7018651016913163,0.7056804179678376,15.935442447662354,0.2919301986694336,83,425000,75000,32000,366,
8,lgb,learning_rate=0.1_max_depth=10_num_leaves=127,"{""num_leaves"": 127, ""max_depth"": 10, ""learning_rate"": 0.1}",0.5104567488764483,0.5010926133566587,0.5013320510656598,12.922253853710387,13.05949303899972,13.044939155620604,0.712242700958594,0.7049847550961305,0.7047569429286465,10.034643173217773,0.15432190895080566,83,425000,75000,32000,192,
8,lgb,learning_rate=0.2_max_depth=10_num_leaves=127,"{""num_leaves"": 127, ""max_depth"": 10, ""learning_rate"": 0.2}",0.5070103149367478,0.49620595306332915,0.5017851864656839,12.96537460960003,13.116396208441035,13.039010894948488,0.7092555132130687,0.7014210244678073,0.7053119025457025,6.430670738220215,0.05637621879577637,83,425000,75000,32000,87,
8,lgb,learning_rate=0.05_max_depth=12_num_leaves=127,"{""num_leaves"": 127, ""max_depth"": 12, ""learning_rate"": 0.05}",0.5154444071653213,0.5053778135538447,0.5023035261281139,12.864079778326957,13.006968829077804,13.03222627599679,0.7155403192554893,0.7078156369325025,0.705614343650928,17.759074211120605,0.30973172187805176,83,425000,75000,32000,443,
8,lgb,learning_rate=0.1_max_depth=12_num_leaves=127,"{""num_leaves"": 127, ""max_depth"": 12, ""learning_rate"": 0.1}",0.5097915437438023,0.4964308972410716,0.5028708303820397,12.942126940675998,13.122858381693575,13.024796702141995,0.7115260791783379,0.7021881740164508,0.7063317066705076,10.522119045257568,0.15903329849243164,83,425000,75000,32000,211,
8,lgb,learning_rate=0.2_max_depth=12_num_leaves=127,"{""num_leaves"": 127, ""max_depth"": 12, ""learning_rate"": 0.2}",0.5065075464334285,0.4923556459496754,0.500426264192543,12.972674000764963,13.186112092108573,13.056781278105822,0.7089850092910416,0.698715769997928,0.7049397697513529,7.028858423233032,0.07124543190002441,83,425000,75000,32000,116,
8,lgb,learning_rate=0.05_max_depth=6_num_leaves=255,"{""num_leaves"": 255, ""max_depth"": 6, ""learning_rate"": 0.05}",0.5086857574494923,0.49965850844849324,0.5013265109824014,12.956154827445502,13.056164578653963,13.045011618517458,0.7107108934227395,0.7040281902813088,0.7053352608115854,30.014135122299194,0.6197834014892578,83,425000,75000,32000,1000,
8,lgb,learning_rate=0.1_max_depth=6_num_leaves=255,"{""num_leaves"": 255, ""max_depth"": 6, ""learning_rate"": 0.1}",0.5129048824804869,0.49731337429031164,0.5013527237578522,12.890341348791956,13.08778432335027,13.04466875844814,0.71370097008814,0.7016844839193738,0.705506080148777,22.877422094345093,0.41483402252197266,83,425000,75000,32000,651,
8,lgb,learning_rate=0.2_max_depth=6_num_leaves=255,"{""num_leaves"": 255, ""max_depth"": 6, ""learning_rate"": 0.2}",0.509614016285761,0.49975668890319047,0.5018009735266478,12.938518655589345,13.05852387712976,13.038804308065654,0.7114231517728692,0.7041595007322238,0.705783184265557,10.880697011947632,0.15761709213256836,83,425000,75000,32000,244,
8,lgb,learning_rate=0.05_max_depth=8_num_leaves=255,"{""num_leaves"": 255, ""max_depth"": 8, ""learning_rate"": 0.05}",0.5140278666946938,0.49634986205990284,0.5032114733959159,12.888265668650597,13.068656726020912,13.020333509693355,0.7146747291441011,0.7011177667931567,0.7067338552485599,20.48141098022461,0.4117288589477539,83,425000,75000,32000,435,
8,lgb,learning_rate=0.1_max_depth=8_num_leaves=255,"{""num_leaves"": 255, ""max_depth"": 8, ""learning_rate"": 0.1}",0.5101156355954592,0.4956517390068328,0.5019806929610466,12.928683227004028,13.094446634873494,13.036452298345697,0.7113720332904493,0.7006022165885489,0.7058787039153793,11.31886601448059,0.17818951606750488,83,425000,75000,32000,182,
8,lgb,learning_rate=0.2_max_depth=8_num_leaves=255,"{""num_leaves"": 255, ""max_depth"": 8, ""learning_rate"": 0.2}",0.5061451889791894,0.48446460719092643,0.501517922836628,12.993323627153444,13.263182858732304,13.042507766223515,0.709110723236146,0.693352150954312,0.7055997641007773,8.825881004333496,0.06344270706176758,83,425000,75000,32000,75,
8,lgb,learning_rate=0.05_max_depth=10_num_leaves=255,"{""num_leaves"": 255, ""max_depth"": 10, ""learning_rate"": 0.05}",0.5090024402233588,0.5009808490466925,0.5035179223900641,12.935558950410853,13.060206426706618,13.016317028422081,0.7108424113801795,0.7042766330028353,0.7072005270301385,16.03869891166687,0.2930114269256592,83,425000,75000,32000,255,
8,lgb,learning_rate=0.1_max_depth=10_num_leaves=255,"{""num_leaves"": 255, ""max_depth"": 10, ""learning_rate"": 0.1}",0.5079854006599009,0.4972169364085427,0.5046589324792725,12.960540882595819,13.115377536748925,13.001351440963674,0.7101683492863693,0.7026772545422698,0.7077847565413092,9.230049848556519,0.10843229293823242,83,425000,75000,32000,100,
8,lgb,learning_rate=0.2_max_depth=10_num_leaves=255,"{""num_leaves"": 255, ""max_depth"": 10, ""learning_rate"": 0.2}",0.5108350013853314,0.4967708936197599,0.5020175433758766,12.925411883622784,13.11481257088348,13.035969980135047,0.7120784020656531,0.7022417560175191,0.7060444177637859,7.419074058532715,0.05358314514160156,83,425000,75000,32000,57,
8,lgb,learning_rate=0.05_max_depth=12_num_leaves=255,"{""num_leaves"": 255, ""max_depth"": 12, ""learning_rate"": 0.05}",0.5100797461311143,0.4985025342342816,0.5019749243038893,12.925575215561437,13.102952107748271,13.036527800043144,0.7118259567161135,0.7031488283361804,0.7055617092645015,12.527610301971436,0.192610502243042,83,425000,75000,32000,170,
8,lgb,learning_rate=0.1_max_depth=12_num_leaves=255,"{""num_leaves"": 255, ""max_depth"": 12, ""learning_rate"": 0.1}",0.5109164032482008,0.5003014993091357,0.503822411065164,12.921926124017507,13.068165995026755,13.012325012234085,0.7125819757410506,0.7044795438096007,0.706936939758555,8.400477409362793,0.08608007431030273,83,425000,75000,32000,85,
8,lgb,learning_rate=0.2_max_depth=12_num_leaves=255,"{""num_leaves"": 255, ""max_depth"": 12, ""learning_rate"": 0.2}",0.5102656471266158,0.4980911330469201,0.5015161643427577,12.92792784077286,13.10181634083989,13.042530771212846,0.7116967845408895,0.7029105605007712,0.7053798740922048,7.9707863330841064,0.04941225051879883,83,425000,75000,32000,51,
8,mlp,epochs=15_hidden_dim=128_learning_rate=0.001,"{""hidden_dim"": 128, ""epochs"": 15, ""learning_rate"": 0.001}",-15.472549438476562,0.501462459564209,0.501462459564209,11.657552719116211,13.043232917785645,13.043232917785645,0.5872484026803901,0.7067401879003344,0.7067401879003344,25.110865116119385,0.0012042522430419922,64,1280000,32000,32000,15,
8,mlp,epochs=25_hidden_dim=128_learning_rate=0.001,"{""hidden_dim"": 128, ""epochs"": 25, ""learning_rate"": 0.001}",-14.054610252380371,0.5039819478988647,0.5039819478988647,11.144529342651367,13.010232925415039,13.010232925415039,0.5631092823065046,0.7080011141501767,0.7080011141501767,41.35765027999878,0.0013651847839355469,64,1280000,32000,32000,25,
8,mlp,epochs=15_hidden_dim=256_learning_rate=0.001,"{""hidden_dim"": 256, ""epochs"": 15, ""learning_rate"": 0.001}",-13.992533683776855,0.5035427808761597,0.5035427808761597,11.121528625488281,13.0159912109375,13.0159912109375,0.5708958553851711,0.7077682691409822,0.7077682691409822,24.662397384643555,0.0017321109771728516,64,1280000,32000,32000,15,
8,mlp,epochs=25_hidden_dim=256_learning_rate=0.001,"{""hidden_dim"": 256, ""epochs"": 25, ""learning_rate"": 0.001}",-14.941141128540039,0.5048187971115112,0.5048187971115112,11.467973709106445,12.999253273010254,12.999253273010254,0.5694150661859918,0.7084505725210752,0.7084505725210752,40.628655195236206,0.0017077922821044922,64,1280000,32000,32000,25,
8,mlp,epochs=15_hidden_dim=512_learning_rate=0.001,"{""hidden_dim"": 512, ""epochs"": 15, ""learning_rate"": 0.001}",-14.261094093322754,0.504287838935852,0.504287838935852,11.220696449279785,13.006220817565918,13.006220817565918,0.5397968027319076,0.7080319108030988,0.7080319108030988,25.329237699508667,0.002779245376586914,64,1280000,32000,32000,15,
8,mlp,epochs=25_hidden_dim=512_learning_rate=0.001,"{""hidden_dim"": 512, ""epochs"": 25, ""learning_rate"": 0.001}",-15.105997085571289,0.5053305625915527,0.5053305625915527,11.527119636535645,12.992533683776855,12.992533683776855,0.5623928926662719,0.7091168022665009,0.7091168022665009,43.58120942115784,0.0026221275329589844,64,1280000,32000,32000,25,
16,lgb,learning_rate=0.05_max_depth=6_num_leaves=31,"{""num_leaves"": 31, ""max_depth"": 6, ""learning_rate"": 0.05}",0.5962446986046326,0.5844663316391318,0.57251603382514,23.450713218385303,23.85545164665118,24.1582798398443,0.7690012203811692,0.7595176542297666,0.7515962884466454,38.10868978500366,1.075817584991455,131,425000,75000,64000,1000,
16,lgb,learning_rate=0.1_max_depth=6_num_leaves=31,"{""num_leaves"": 31, ""max_depth"": 6, ""learning_rate"": 0.1}",0.6035254209146913,0.5806125574276271,0.5712871099886184,23.264520308131083,23.941776085573135,24.19297983068722,0.7744691972627855,0.7567132937726446,0.750393201181751,36.05056691169739,1.0288364887237549,131,425000,75000,64000,1000,
16,lgb,learning_rate=0.2_max_depth=6_num_leaves=31,"{""num_leaves"": 31, ""max_depth"": 6, ""learning_rate"": 0.2}",0.62107255327474,0.5808414276077088,0.5689900786737367,22.72274515636563,23.877416941099085,24.257705890926307,0.7864809349445507,0.7581385944490925,0.749822641355731,39.6260552406311,0.9713304042816162,131,425000,75000,64000,999,
16,lgb,learning_rate=0.05_max_depth=8_num_leaves=31,"{""num_leaves"": 31, ""max_depth"": 8, ""learning_rate"": 0.05}",0.5928691607977699,0.5844904582186011,0.5713297354524469,23.59050401704473,23.84398828194544,24.19177708796001,0.7667911066480589,0.7606377372187887,0.7506596042048759,37.62211847305298,0.9932489395141602,131,425000,75000,64000,1000,
16,lgb,learning_rate=0.1_max_depth=8_num_leaves=31,"{""num_leaves"": 31, ""max_depth"": 8, ""learning_rate"": 0.1}",0.6121730215392269,0.5900136414350895,0.5728509066005257,23.0034212271652,23.669448900183923,24.148815701057313,0.7799572652854516,0.763827286318215,0.7516970604640575,33.739691734313965,0.8723616600036621,131,425000,75000,64000,995,
16,lgb,learning_rate=0.2_max_depth=8_num_leaves=31,"{""num_leaves"": 31, ""max_depth"": 8, ""learning_rate"": 0.2}",0.6271405493005364,0.5876896881401537,0.5676994198893776,22.577621655149045,23.718778683411372,24.293998579814467,0.7906024872469167,0.7623967781271486,0.7486767889824729,31.740877151489258,0.7998354434967041,131,425000,75000,64000,996,
16,lgb,learning_rate=0.05_max_depth=10_num_leaves=31,"{""num_leaves"": 31, ""max_depth"": 10, ""learning_rate"": 0.05}",0.5960958160656016,0.580280100119422,0.5732326570067128,23.47401047297971,23.91315877416928,24.138022185373543,0.768799151457012,0.7572093991463612,0.7517697822347872,36.13249397277832,0.9955945014953613,131,425000,75000,64000,1000,
16,lgb,learning_rate=0.1_max_depth=10_num_leaves=31,"{""num_leaves"": 31, ""max_depth"": 10, ""learning_rate"": 0.1}",0.6046208858499957,0.5760739866798166,0.5741531630688379,23.203160993466177,24.0582946294312,24.111976155435062,0.7753086652426966,0.755006767298845,0.7524549665732485,40.72076606750488,0.8447878360748291,131,425000,75000,64000,1000,
16,lgb,learning_rate=0.2_max_depth=10_num_leaves=31,"{""num_leaves"": 31, ""max_depth"": 10, ""learning_rate"": 0.2}",0.6264547636895149,0.5829772654214131,0.5668648463615379,22.603266653076293,23.885893242047903,24.317437539858314,0.790264187495326,0.7604006444522741,0.7480720842972032,31.740504026412964,0.7347288131713867,131,425000,75000,64000,999,
16,lgb,learning_rate=0.05_max_depth=12_num_leaves=31,"{""num_leaves"": 31, ""max_depth"": 12, ""learning_rate"": 0.05}",0.5928935755828557,0.5808369795186477,0.5718041989091498,23.56830421185613,23.91812886947934,24.17838533565224,0.7666302146397832,0.7583203199481631,0.7506646215499413,36.49660134315491,0.9543211460113525,131,425000,75000,64000,999,
16,lgb,learning_rate=0.1_max_depth=12_num_leaves=31,"{""num_leaves"": 31, ""max_depth"": 12, ""learning_rate"": 0.1}",0.6100856811692412,0.5862312616423727,0.5731294505665557,23.08151096000644,23.730857185061804,24.140940694471908,0.7788263082166885,0.7611060637918226,0.7517487941157539,33.18453502655029,0.8434116840362549,131,425000,75000,64000,1000,
16,lgb,learning_rate=0.2_max_depth=12_num_leaves=31,"{""num_leaves"": 31, ""max_depth"": 12, ""learning_rate"": 0.2}",0.6295840340657188,0.5863944777229532,0.5687655919000961,22.482324087162073,23.80599369085271,24.264022248143313,0.7923281227757929,0.7616445192119538,0.7490277941611267,31.412354469299316,0.726635217666626,131,425000,75000,64000,992,
16,lgb,learning_rate=0.05_max_depth=6_num_leaves=63,"{""num_leaves"": 63, ""max_depth"": 6, ""learning_rate"": 0.05}",0.604158219112624,0.5800758101760969,0.5743606487074202,23.253936204197917,23.869511698123333,24.106101392639054,0.77467461503145,0.7579992833580176,0.7531382690067538,50.363282680511475,1.2139973640441895,131,425000,75000,64000,1000,
16,lgb,learning_rate=0.1_max_depth=6_num_leaves=63,"{""num_leaves"": 63, ""max_depth"": 6, ""learning_rate"": 0.1}",0.6183120877986306,0.5827332190146365,0.5735228102368095,22.812601528561434,23.87872858448366,24.129815236014466,0.7845374232053715,0.7593653177524496,0.7525261199715888,38.1982626914978,1.2090427875518799,131,425000,75000,64000,998,
16,lgb,learning_rate=0.2_max_depth=6_num_leaves=63,"{""num_leaves"": 63, ""max_depth"": 6, ""learning_rate"": 0.2}",0.6334439914111409,0.5812420029333915,0.563864958248518,22.38887502319132,23.884007465922643,24.401503350228463,0.7945826264938773,0.7582251135089442,0.7470042747529558,37.36798906326294,1.178544521331787,131,425000,75000,64000,970,
16,lgb,learning_rate=0.05_max_depth=8_num_leaves=63,"{""num_leaves"": 63, ""max_depth"": 8, ""learning_rate"": 0.05}",0.6096687313573088,0.5861119817684457,0.5723617231839919,23.08537662294407,23.7898065410707,24.162639703125464,0.7791013473888677,0.7611804914036316,0.751356747414278,50.328291177749634,1.3122506141662598,131,425000,75000,64000,1000,
16,lgb,learning_rate=0.2_max_depth=8_num_leaves=63,"{""num_leaves"": 63, ""max_depth"": 8, ""learning_rate"": 0.2}",0.6390928997323224,0.585719429388299,0.5652069054929948,22.20421194106716,23.785148517508297,24.363933842376294,0.7983977348872732,0.7614451255136087,0.747225697480364,31.194790363311768,0.9215655326843262,131,425000,75000,64000,792,
16,lgb,learning_rate=0.05_max_depth=10_num_leaves=63,"{""num_leaves"": 63, ""max_depth"": 10, ""learning_rate"": 0.05}",0.6105943552447101,0.5830778632392866,0.5718950144422631,23.032674992557894,23.841171289409946,24.17582121733821,0.7798742603707698,0.7593794838146374,0.750893586660533,48.46923756599426,1.1666631698608398,131,425000,75000,64000,1000,
16,lgb,learning_rate=0.1_max_depth=10_num_leaves=63,"{""num_leaves"": 63, ""max_depth"": 10, ""learning_rate"": 0.1}",0.630738745996765,0.590678589689116,0.5700429592719767,22.436848575877768,23.65487918618026,24.228059143355534,0.7934239728636083,0.7649190676395405,0.7498721117042271,37.879231691360474,1.0479414463043213,131,425000,75000,64000,1000,
16,lgb,learning_rate=0.2_max_depth=10_num_leaves=63,"{""num_leaves"": 63, ""max_depth"": 10, ""learning_rate"": 0.2}",0.6501351767484236,0.5894079472654918,0.5613613986256558,21.870827405815362,23.638079132239632,24.47143948619131,0.8057248989446691,0.7646039265873362,0.7443910711308768,32.75487041473389,0.862318754196167,131,425000,75000,64000,906,
16,lgb,learning_rate=0.05_max_depth=12_num_leaves=63,"{""num_leaves"": 63, ""max_depth"": 12, ""learning_rate"": 0.05}",0.6124210640856765,0.5855786654922488,0.574026684246535,22.998418735174834,23.732207420098153,24.11555658350887,0.7807323546973226,0.7613945977479394,0.7524658196570804,37.456809282302856,1.1109488010406494,131,425000,75000,64000,1000,
16,lgb,learning_rate=0.1_max_depth=12_num_leaves=63,"{""num_leaves"": 63, ""max_depth"": 12, ""learning_rate"": 0.1}",0.6309456777349927,0.5848883464211054,0.5712751935804279,22.433250287501647,23.77842547151325,24.193316059695512,0.7937006561834863,0.7610166245150867,0.7501617007101339,41.78552222251892,0.9538569450378418,131,425000,75000,64000,998,
16,lgb,learning_rate=0.2_max_depth=12_num_leaves=63,"{""num_leaves"": 63, ""max_depth"": 12, ""learning_rate"": 0.2}",0.6486220375939031,0.5916289587113635,0.5602383558833999,21.89643379005641,23.56876016634724,24.50274647116499,0.8050371112528705,0.7660057269547177,0.7437793812018747,28.535152435302734,0.6842398643493652,131,425000,75000,64000,792,
16,lgb,learning_rate=0.05_max_depth=6_num_leaves=127,"{""num_leaves"": 127, ""max_depth"": 6, ""learning_rate"": 0.05}",0.6041675952890806,0.5828387991362332,0.5738177023513951,23.255400682502415,23.903132372778636,24.121471386811336,0.774565729938537,0.7593761295170564,0.7523400577116267,49.27777886390686,1.2123920917510986,131,425000,75000,64000,999,
16,lgb,learning_rate=0.1_max_depth=6_num_leaves=127,"{""num_leaves"": 127, ""max_depth"": 6, ""learning_rate"": 0.1}",0.6179570446075562,0.5873859778033439,0.571992769427323,22.851613479422053,23.776547439516914,24.173060864097195,0.7843442467789407,0.7625317474315928,0.7516757936722984,38.26316213607788,1.1891613006591797,131,425000,75000,64000,999,
16,lgb,learning_rate=0.2_max_depth=6_num_leaves=127,"{""num_leaves"": 127, ""max_depth"": 6, ""learning_rate"": 0.2}",0.6365304621006554,0.5859446454859383,0.5669057534363571,22.271568483977813,23.749558633573447,24.316289193070013,0.796410927245931,0.7620886695475004,0.7484204609797743,36.35363960266113,1.1868455410003662,131,425000,75000,64000,987,
16,lgb,learning_rate=0.05_max_depth=8_num_leaves=127,"{""num_leaves"": 127, ""max_depth"": 8, ""learning_rate"": 0.05}",0.623328002154705,0.5832084541185679,0.5722887786962834,22.699048995781876,23.806343047043523,24.164700388891625,0.7886137339629873,0.7591940779288717,0.7514805542788658,57.18732476234436,1.802886724472046,131,425000,75000,64000,994,
16,lgb,learning_rate=0.1_max_depth=8_num_leaves=127,"{""num_leaves"": 127, ""max_depth"": 8, ""learning_rate"": 0.1}",0.6356071639696781,0.5887385623519223,0.5712872413930651,22.319625674945748,23.6887210708109,24.192976123001444,0.7963445477894544,0.7632351768607389,0.7505821121064157,34.74539589881897,1.306042194366455,131,425000,75000,64000,741,
16,lgb,learning_rate=0.2_max_depth=8_num_leaves=127,"{""num_leaves"": 127, ""max_depth"": 8, ""learning_rate"": 0.2}",0.6380079489604478,0.5805912899438141,0.5647932704845362,22.22983836974405,23.928178960156355,24.37552025026311,0.7976792337954246,0.7577341280627606,0.7470398889213048,21.769487380981445,0.740607738494873,131,425000,75000,64000,418,
16,lgb,learning_rate=0.05_max_depth=10_num_leaves=127,"{""num_leaves"": 127, ""max_depth"": 10, ""learning_rate"": 0.05}",0.6323382138740652,0.5900583504937619,0.5716627590901264,22.379953643605177,23.669009058046377,24.182378256743174,0.7944066763842198,0.7644690489833074,0.7508590849399717,55.064963817596436,1.6176559925079346,131,425000,75000,64000,998,
16,lgb,learning_rate=0.1_max_depth=10_num_leaves=127,"{""num_leaves"": 127, ""max_depth"": 10, ""learning_rate"": 0.1}",0.6452128747319785,0.5870272976123981,0.5681519562169458,22.023252830033197,23.743649242515048,24.28127965686353,0.8028555656488686,0.7618760428136676,0.7486167353419657,37.671613931655884,1.3481554985046387,131,425000,75000,64000,871,
16,lgb,learning_rate=0.2_max_depth=10_num_leaves=127,"{""num_leaves"": 127, ""max_depth"": 10, ""learning_rate"": 0.2}",0.6463937259257788,0.5879218658674765,0.5616049987420382,21.972153865837313,23.74281736887096,24.46464337503068,0.8032606568255831,0.7632711798285531,0.7444577056592746,25.844221591949463,0.6321146488189697,131,425000,75000,64000,426,
16,lgb,learning_rate=0.05_max_depth=12_num_leaves=127,"{""num_leaves"": 127, ""max_depth"": 12, ""learning_rate"": 0.05}",0.6296292273666856,0.5883403864740281,0.5740683706019465,22.50250375565938,23.718247158782876,24.114376563280512,0.79305864835273,0.762859660935108,0.7524390283473397,41.033493518829346,1.4058613777160645,131,425000,75000,64000,1000,
16,lgb,learning_rate=0.1_max_depth=12_num_leaves=127,"{""num_leaves"": 127, ""max_depth"": 12, ""learning_rate"": 0.1}",0.6496513799722242,0.5918639944383153,0.562733357776761,21.85820435032053,23.656636859018725,24.433139038921645,0.8058974082533901,0.7658664717058751,0.7448871577023358,43.51948380470276,1.1285083293914795,131,425000,75000,64000,828,
16,lgb,learning_rate=0.2_max_depth=12_num_leaves=127,"{""num_leaves"": 127, ""max_depth"": 12, ""learning_rate"": 0.2}",0.6388369967386088,0.5848193511049313,0.5648478682669562,22.210826173037013,23.807072774244027,24.373991217043997,0.7987883145125285,0.7614249378810543,0.7468708464120947,20.57006072998047,0.40546154975891113,131,425000,75000,64000,319,
16,lgb,learning_rate=0.05_max_depth=6_num_leaves=255,"{""num_leaves"": 255, ""max_depth"": 6, ""learning_rate"": 0.05}",0.6031035709527321,0.5876029593142076,0.5724536716110029,23.2784022565288,23.748015122385784,24.16004190462174,0.7738433067112831,0.7624320269583535,0.7512261794801408,40.97965335845947,1.2301380634307861,131,425000,75000,64000,999,
16,lgb,learning_rate=0.1_max_depth=6_num_leaves=255,"{""num_leaves"": 255, ""max_depth"": 6, ""learning_rate"": 0.1}",0.6149678010442181,0.5807800708634516,0.5712914590977478,22.911702698812753,23.866091481692653,24.19285711665325,0.7824043824847371,0.758136469784161,0.7507891814374453,46.17520475387573,1.2128081321716309,131,425000,75000,64000,999,
16,lgb,learning_rate=0.2_max_depth=6_num_leaves=255,"{""num_leaves"": 255, ""max_depth"": 6, ""learning_rate"": 0.2}",0.6331568436625095,0.5868301100129394,0.5692161671944267,22.361334612092733,23.77476215528651,24.251342802777106,0.793711672443684,0.7620613696612704,0.750168396614899,35.958651304244995,1.1915791034698486,131,425000,75000,64000,991,
16,lgb,learning_rate=0.05_max_depth=8_num_leaves=255,"{""num_leaves"": 255, ""max_depth"": 8, ""learning_rate"": 0.05}",0.6251138086855281,0.5843923158802474,0.5718756404132859,22.61689842138486,23.828108642461405,24.17636825343628,0.7895719959561355,0.760663304899215,0.7512049460833312,45.295830965042114,1.825850248336792,131,425000,75000,64000,978,
16,lgb,learning_rate=0.1_max_depth=8_num_leaves=255,"{""num_leaves"": 255, ""max_depth"": 8, ""learning_rate"": 0.1}",0.6435835398252964,0.585635724358947,0.5668395236790512,22.07056707309494,23.7957891361335,24.318148373121982,0.8015995664933608,0.7616888576514087,0.7478868845607994,41.23875832557678,1.6790695190429688,131,425000,75000,64000,900,
16,lgb,learning_rate=0.2_max_depth=8_num_leaves=255,"{""num_leaves"": 255, ""max_depth"": 8, ""learning_rate"": 0.2}",0.6472363392010586,0.5897199268084834,0.5597055997751137,21.939648969700006,23.742492648518866,24.5175840960529,0.8034055030474448,0.7643674795664009,0.7433731619036802,26.054871320724487,0.9696519374847412,131,425000,75000,64000,526,
16,lgb,learning_rate=0.05_max_depth=10_num_leaves=255,"{""num_leaves"": 255, ""max_depth"": 10, ""learning_rate"": 0.05}",0.6471098775390047,0.5881617088127304,0.567830330503849,21.958228848917692,23.719781692340323,24.290319908960033,0.804221508340642,0.7638433574816181,0.7482463374256059,48.12567925453186,2.3630120754241943,131,425000,75000,64000,999,
16,lgb,learning_rate=0.1_max_depth=10_num_leaves=255,"{""num_leaves"": 255, ""max_depth"": 10, ""learning_rate"": 0.1}",0.6417605689661017,0.583046276406259,0.5700000473278032,22.10478871581292,23.80430976259696,24.229268156213813,0.8005930520250514,0.7596901285877162,0.7499312107161203,33.75508236885071,0.9585781097412109,131,425000,75000,64000,408,
16,lgb,learning_rate=0.2_max_depth=10_num_leaves=255,"{""num_leaves"": 255, ""max_depth"": 10, ""learning_rate"": 0.2}",0.6415293188393932,0.5872892565408978,0.5666043575579842,22.13052438310886,23.68451129914768,24.324748731363332,0.8003252632719687,0.7628161227069982,0.7484903384118093,15.53591775894165,0.47284913063049316,131,425000,75000,64000,203,
16,lgb,learning_rate=0.05_max_depth=12_num_leaves=255,"{""num_leaves"": 255, ""max_depth"": 12, ""learning_rate"": 0.05}",0.6455836110928836,0.5884940995013295,0.5667841227080432,22.00397059150265,23.680353646650158,24.319703461860794,0.8037846999885356,0.7636463083295533,0.7469953263943431,42.23019790649414,1.578096866607666,131,425000,75000,64000,783,
16,lgb,learning_rate=0.1_max_depth=12_num_leaves=255,"{""num_leaves"": 255, ""max_depth"": 12, ""learning_rate"": 0.1}",0.6408910881895649,0.5850190653607052,0.5698935418356839,22.12822906697809,23.807497712763173,24.23226861044654,0.800356219042456,0.7607387774524048,0.749565879356026,21.52207088470459,0.6640036106109619,131,425000,75000,64000,327,
16,lgb,learning_rate=0.2_max_depth=12_num_leaves=255,"{""num_leaves"": 255, ""max_depth"": 12, ""learning_rate"": 0.2}",0.6411550955010397,0.5797289529854943,0.5651851992359338,22.1405585006917,23.932197335277984,24.3645419974015,0.8001948726148979,0.7570317585198627,0.7464193133493588,14.33324122428894,0.37868523597717285,131,425000,75000,64000,190,
16,mlp,epochs=15_hidden_dim=128_learning_rate=0.001,"{""hidden_dim"": 128, ""epochs"": 15, ""learning_rate"": 0.001}",-26.361242294311523,0.5765933394432068,0.5765933394432068,15.024322509765625,24.04279327392578,24.04279327392578,0.5597214283868497,0.7553111641046795,0.7553111641046795,68.43049883842468,0.005675554275512695,256,2560000,64000,64000,15,
16,mlp,epochs=25_hidden_dim=128_learning_rate=0.001,"{""hidden_dim"": 128, ""epochs"": 25, ""learning_rate"": 0.001}",-26.347150802612305,0.5755182504653931,0.5755182504653931,15.020452499389648,24.07329750061035,24.07329750061035,0.5633096189794885,0.7549187536100099,0.7549187536100099,116.11696171760559,0.0053863525390625,256,2560000,64000,64000,25,
16,mlp,epochs=15_hidden_dim=256_learning_rate=0.001,"{""hidden_dim"": 256, ""epochs"": 15, ""learning_rate"": 0.001}",-27.377464294433594,0.5786929726600647,0.5786929726600647,15.300786972045898,23.983108520507812,23.983108520507812,0.5596025535694986,0.7562164972989462,0.7562164972989462,66.8502995967865,0.008494377136230469,256,2560000,64000,64000,15,
16,mlp,epochs=25_hidden_dim=256_learning_rate=0.001,"{""hidden_dim"": 256, ""epochs"": 25, ""learning_rate"": 0.001}",-27.639572143554688,0.5796643495559692,0.5796643495559692,15.37128734588623,23.955442428588867,23.955442428588867,0.5530459188689933,0.757203896568285,0.757203896568285,113.77559399604797,0.00852823257446289,256,2560000,64000,64000,25,
16,mlp,epochs=15_hidden_dim=512_learning_rate=0.001,"{""hidden_dim"": 512, ""epochs"": 15, ""learning_rate"": 0.001}",-28.662582397460938,0.5798863172531128,0.5798863172531128,15.643410682678223,23.94911766052246,23.94911766052246,0.5481620135582331,0.7570363963582253,0.7570363963582253,73.08887100219727,0.011302947998046875,256,2560000,64000,64000,15,
16,mlp,epochs=25_hidden_dim=512_learning_rate=0.001,"{""hidden_dim"": 512, ""epochs"": 25, ""learning_rate"": 0.001}",-27.26470947265625,0.5817139744758606,0.5817139744758606,15.27035903930664,23.8969669342041,23.8969669342041,0.5663539777321411,0.7580156023289746,0.7580156023289746,124.30131888389587,0.011031866073608398,256,2560000,64000,64000,25,
24,lgb,learning_rate=0.05_max_depth=6_num_leaves=31,"{""num_leaves"": 31, ""max_depth"": 6, ""learning_rate"": 0.05}",0.6323683208187445,0.6195744392705397,0.5869197375941599,33.5937643001566,34.31004997946194,35.622298392376926,0.7911753844057299,0.7819402544419171,0.7616619050174136,57.38288331031799,1.596757411956787,179,425000,75000,96000,1000,
24,lgb,learning_rate=0.1_max_depth=6_num_leaves=31,"{""num_leaves"": 31, ""max_depth"": 6, ""learning_rate"": 0.1}",0.6493718185399096,0.6234679732208741,0.5908484059041688,32.863335455876104,33.996554603064936,35.45249781180755,0.803031361369726,0.7848350004775309,0.7651514313306805,52.30923008918762,1.5296926498413086,179,425000,75000,96000,1000,
24,lgb,learning_rate=0.2_max_depth=6_num_leaves=31,"{""num_leaves"": 31, ""max_depth"": 6, ""learning_rate"": 0.2}",0.6688556886736281,0.6293532381601824,0.5844536456441078,31.89939828644486,33.784394228034785,35.728472843356144,0.8163969471230758,0.788955028277869,0.7611911690796836,47.728572607040405,1.4906103610992432,179,425000,75000,96000,1000,
24,lgb,learning_rate=0.05_max_depth=8_num_leaves=31,"{""num_leaves"": 31, ""max_depth"": 8, ""learning_rate"": 0.05}",0.6331201086564744,0.6136596087372291,0.587762547506055,33.585342448729094,34.50878987625205,35.585939652345246,0.7917826740490709,0.77872482200842,0.7622339058645478,57.416064500808716,1.5353162288665771,179,425000,75000,96000,1000,
24,lgb,learning_rate=0.1_max_depth=8_num_leaves=31,"{""num_leaves"": 31, ""max_depth"": 8, ""learning_rate"": 0.1}",0.6491339782127854,0.6225785663068687,0.5885536402926193,32.855786918023504,34.01846630239159,35.55177815277924,0.8032587661960991,0.7836469242307523,0.7632889164091181,50.46504259109497,1.38893723487854,179,425000,75000,96000,1000,
24,lgb,learning_rate=0.2_max_depth=8_num_leaves=31,"{""num_leaves"": 31, ""max_depth"": 8, ""learning_rate"": 0.2}",0.6745772771547485,0.6260069446592517,0.5871796792846712,31.593034664895733,33.809184550465545,35.61108849142493,0.8204934626226024,0.786637097660669,0.7632342458590299,46.11905241012573,1.2482388019561768,179,425000,75000,96000,998,
24,lgb,learning_rate=0.05_max_depth=10_num_leaves=31,"{""num_leaves"": 31, ""max_depth"": 10, ""learning_rate"": 0.05}",0.6353892834431434,0.6216558932786322,0.5873169918657839,33.450987496170654,34.12787432687181,35.60516550639295,0.7928978760872127,0.782547683028174,0.7619416032416857,58.293463468551636,1.5339467525482178,179,425000,75000,96000,1000,
24,lgb,learning_rate=0.1_max_depth=10_num_leaves=31,"{""num_leaves"": 31, ""max_depth"": 10, ""learning_rate"": 0.1}",0.6468696031099217,0.618589458579679,0.5879881186915759,32.896276420019106,34.20112647770669,35.57620222924359,0.8020499613076076,0.7817501043334103,0.7626712372786778,50.96251726150513,1.3043487071990967,179,425000,75000,96000,1000,
24,lgb,learning_rate=0.2_max_depth=10_num_leaves=31,"{""num_leaves"": 31, ""max_depth"": 10, ""learning_rate"": 0.2}",0.6767645506091959,0.6289876055787413,0.5822843325898618,31.51825861210289,33.750789618105124,35.821609688077864,0.8219247253032872,0.7885146605157058,0.7601736606438705,44.807875633239746,1.1474084854125977,179,425000,75000,96000,996,
24,lgb,learning_rate=0.05_max_depth=12_num_leaves=31,"{""num_leaves"": 31, ""max_depth"": 12, ""learning_rate"": 0.05}",0.6374936157161685,0.6236396939217754,0.588698365858733,33.39300725298548,33.953631019179774,35.54552496371088,0.7945636505499346,0.7841468981451841,0.7631218508149809,58.58659601211548,1.4921679496765137,179,425000,75000,96000,1000,
24,lgb,learning_rate=0.1_max_depth=12_num_leaves=31,"{""num_leaves"": 31, ""max_depth"": 12, ""learning_rate"": 0.1}",0.6509120410997649,0.6233891722737996,0.5897270645611297,32.75334676898768,33.93971682422668,35.50104601637708,0.8044295390249744,0.7851153358043356,0.7639810418675356,50.77898836135864,1.306481122970581,179,425000,75000,96000,1000,
24,lgb,learning_rate=0.2_max_depth=12_num_leaves=31,"{""num_leaves"": 31, ""max_depth"": 12, ""learning_rate"": 0.2}",0.6754123731262609,0.627278228609107,0.5840286963321926,31.596180372733883,33.846495341506866,35.746736642555206,0.8211117876102593,0.7875846064054121,0.7608526492865247,45.52405023574829,1.1788859367370605,179,425000,75000,96000,998,
24,lgb,learning_rate=0.05_max_depth=6_num_leaves=63,"{""num_leaves"": 63, ""max_depth"": 6, ""learning_rate"": 0.05}",0.6409765951987934,0.6238265900207742,0.5891370666099369,33.24652164475822,34.036781334297785,35.52656319990003,0.7974106093766405,0.7848036493739354,0.7632902475639496,64.31817197799683,1.7935214042663574,179,425000,75000,96000,1000,
24,lgb,learning_rate=0.1_max_depth=6_num_leaves=63,"{""num_leaves"": 63, ""max_depth"": 6, ""learning_rate"": 0.1}",0.660102214054126,0.6245334825197895,0.588406682435612,32.30661974915954,33.91619609880304,35.55812666767851,0.8103981218937788,0.785996667267082,0.7631635360067904,57.55721187591553,1.768019676208496,179,425000,75000,96000,999,
24,lgb,learning_rate=0.2_max_depth=6_num_leaves=63,"{""num_leaves"": 63, ""max_depth"": 6, ""learning_rate"": 0.2}",0.6867242198638227,0.6295899940983091,0.5808621214508889,31.03605318177576,33.67901220251192,35.88253941329019,0.82809419388219,0.7894692747850249,0.7594459238368549,54.65749669075012,1.8795437812805176,179,425000,75000,96000,998,
24,lgb,learning_rate=0.05_max_depth=8_num_leaves=63,"{""num_leaves"": 63, ""max_depth"": 8, ""learning_rate"": 0.05}",0.6479692346495902,0.6186410013874784,0.5899587176986807,32.8616601570351,34.178715036575845,35.491022091830416,0.8022798385484845,0.7810571683150486,0.7637704645720097,65.59567856788635,2.0400755405426025,179,425000,75000,96000,1000,
24,lgb,learning_rate=0.1_max_depth=8_num_leaves=63,"{""num_leaves"": 63, ""max_depth"": 8, ""learning_rate"": 0.1}",0.6751991189697732,0.6279531498293461,0.589366951789402,31.56154686396093,33.784607922320674,35.51662293465234,0.8210296556592944,0.7879376208308889,0.7638831453256525,57.72490978240967,1.9782123565673828,179,425000,75000,96000,1000,
24,lgb,learning_rate=0.2_max_depth=8_num_leaves=63,"{""num_leaves"": 63, ""max_depth"": 8, ""learning_rate"": 0.2}",0.703592769425406,0.6286812410701034,0.5781377877541426,30.16655101668277,33.727062876262195,35.99896610786093,0.8395418850880764,0.7893858444739781,0.7578123064831644,51.18654012680054,1.8458621501922607,179,425000,75000,96000,990,
24,lgb,learning_rate=0.05_max_depth=10_num_leaves=63,"{""num_leaves"": 63, ""max_depth"": 10, ""learning_rate"": 0.05}",0.6526141627259792,0.6261004323395767,0.5900624243626842,32.66410139120274,34.00354110653675,35.486533655644614,0.8056830063746855,0.786681491219519,0.7641795670793854,66.95645356178284,1.948467493057251,179,425000,75000,96000,1000,
24,lgb,learning_rate=0.1_max_depth=10_num_leaves=63,"{""num_leaves"": 63, ""max_depth"": 10, ""learning_rate"": 0.1}",0.6772255321853122,0.6258619495847767,0.5863897237790856,31.503927548121087,33.89279232484485,35.64514414373479,0.8225888676188211,0.786748722136331,0.7618505621498977,55.74107575416565,1.713850498199463,179,425000,75000,96000,1000,
24,lgb,learning_rate=0.2_max_depth=10_num_leaves=63,"{""num_leaves"": 63, ""max_depth"": 10, ""learning_rate"": 0.2}",0.7048976555955347,0.6273143347866514,0.5774457229968165,30.09679555676641,33.854537376709885,36.028482150895044,0.8405847370779538,0.7883764240830243,0.7570274635177271,49.530153036117554,1.489741325378418,179,425000,75000,96000,961,
24,lgb,learning_rate=0.05_max_depth=12_num_leaves=63,"{""num_leaves"": 63, ""max_depth"": 12, ""learning_rate"": 0.05}",0.6552771710017112,0.6268010995869102,0.5879895021302405,32.517645542117194,33.83532988713105,35.57614250094782,0.8075965184259646,0.7861318404748293,0.7629987407761445,65.57183814048767,1.8302500247955322,179,425000,75000,96000,1000,
24,lgb,learning_rate=0.1_max_depth=12_num_leaves=63,"{""num_leaves"": 63, ""max_depth"": 12, ""learning_rate"": 0.1}",0.6801255715797894,0.6276114371915832,0.5875045995552706,31.3573014946929,33.823173886118504,35.5970714462511,0.8248655112543366,0.787137709014089,0.7628847021678038,55.20452308654785,1.5793242454528809,179,425000,75000,96000,1000,
24,lgb,learning_rate=0.2_max_depth=12_num_leaves=63,"{""num_leaves"": 63, ""max_depth"": 12, ""learning_rate"": 0.2}",0.7111986769596389,0.6295666179400687,0.5790332115204349,29.768958952225177,33.701414042614914,35.96074100520619,0.8448683057651556,0.7892917008107301,0.7581680314545549,49.79343557357788,1.4274673461914062,179,425000,75000,96000,1000,
24,lgb,learning_rate=0.05_max_depth=6_num_leaves=127,"{""num_leaves"": 127, ""max_depth"": 6, ""learning_rate"": 0.05}",0.6440632882364813,0.6222611032853229,0.58896205867777,33.08030309624737,34.064922431499035,35.53412870157525,0.7995041680649898,0.7846146964368386,0.7632173676439576,63.96333932876587,1.870758056640625,179,425000,75000,96000,1000,
24,lgb,learning_rate=0.1_max_depth=6_num_leaves=127,"{""num_leaves"": 127, ""max_depth"": 6, ""learning_rate"": 0.1}",0.6591500666071874,0.6240662874759613,0.5900088992739932,32.33269371616288,33.9256981347277,35.488850298442074,0.8100716811347087,0.7857203587136872,0.76453799666518,57.6653516292572,1.8822567462921143,179,425000,75000,96000,1000,
24,lgb,learning_rate=0.2_max_depth=6_num_leaves=127,"{""num_leaves"": 127, ""max_depth"": 6, ""learning_rate"": 0.2}",0.6860700993647484,0.6285693961727998,0.5803318923233014,31.0983761199215,33.77162554257076,35.905228789697354,0.8280720476836311,0.7885861892747879,0.7591322123632257,53.71566390991211,1.871342658996582,179,425000,75000,96000,1000,
24,lgb,learning_rate=0.05_max_depth=8_num_leaves=127,"{""num_leaves"": 127, ""max_depth"": 8, ""learning_rate"": 0.05}",0.6721009610917371,0.6271072433089399,0.5909423507373173,31.73516917838992,33.756308094830636,35.448427474255084,0.8195643159624126,0.7867956790980554,0.7647573915966626,73.56205248832703,2.649961471557617,179,425000,75000,96000,998,
24,lgb,learning_rate=0.1_max_depth=8_num_leaves=127,"{""num_leaves"": 127, ""max_depth"": 8, ""learning_rate"": 0.1}",0.6988404268365771,0.6300644736069774,0.5829877285160807,30.434614525928318,33.70976288347304,35.79143678278334,0.8368606385108294,0.7898375610873071,0.7605869724865678,65.73444247245789,2.644232749938965,179,425000,75000,96000,1000,
24,lgb,learning_rate=0.2_max_depth=8_num_leaves=127,"{""num_leaves"": 127, ""max_depth"": 8, ""learning_rate"": 0.2}",0.7114021523563365,0.6321714315695364,0.5761863750996679,29.754057491145705,33.66364805756706,36.082130451121444,0.8445324951299452,0.7918640169302168,0.7571268159788412,49.12426161766052,1.7485582828521729,179,425000,75000,96000,638,
24,lgb,learning_rate=0.05_max_depth=10_num_leaves=127,"{""num_leaves"": 127, ""max_depth"": 10, ""learning_rate"": 0.05}",0.6782471679152187,0.6307673799514796,0.5892731896677033,31.434874864123817,33.66082637199734,35.52067755697547,0.823910678488667,0.7895310632421537,0.7635924134782414,76.8553855419159,2.612607002258301,179,425000,75000,96000,1000,
24,lgb,learning_rate=0.1_max_depth=10_num_leaves=127,"{""num_leaves"": 127, ""max_depth"": 10, ""learning_rate"": 0.1}",0.7104707728423925,0.6344294191830586,0.5797020253057169,29.81912817824302,33.49529950499871,35.93216321667279,0.844707578261365,0.7920728690120996,0.7582543922571172,66.13322854042053,2.411306858062744,179,425000,75000,96000,996,
24,lgb,learning_rate=0.2_max_depth=10_num_leaves=127,"{""num_leaves"": 127, ""max_depth"": 10, ""learning_rate"": 0.2}",0.724010332181495,0.6256406311914748,0.5741058669973884,29.12952776917879,33.87908107102588,36.17058591461124,0.8526274226509953,0.7874860021670217,0.7558121763541104,48.76643466949463,1.6706137657165527,179,425000,75000,96000,702,
24,lgb,learning_rate=0.05_max_depth=12_num_leaves=127,"{""num_leaves"": 127, ""max_depth"": 12, ""learning_rate"": 0.05}",0.6790108322819923,0.6276819163607338,0.588685193137374,31.38863899286248,33.79012205763567,35.546094165858534,0.8242663963729375,0.7870568442390109,0.7633766522514078,71.38048076629639,2.3003008365631104,179,425000,75000,96000,1000,
24,lgb,learning_rate=0.1_max_depth=12_num_leaves=127,"{""num_leaves"": 127, ""max_depth"": 12, ""learning_rate"": 0.1}",0.7131801305165202,0.6295420117533311,0.581494802049032,29.694050690592316,33.713813299622004,35.85544718271146,0.8465022146171993,0.7893251265071172,0.7592383586890941,63.089706897735596,2.1372625827789307,179,425000,75000,96000,1000,
24,lgb,learning_rate=0.2_max_depth=12_num_leaves=127,"{""num_leaves"": 127, ""max_depth"": 12, ""learning_rate"": 0.2}",0.7214973576071881,0.6285155254016583,0.5778335355695214,29.22061810585138,33.693709033335075,36.011945215327195,0.850944275534053,0.7889500626640147,0.7575455693383999,42.26932954788208,1.2582097053527832,179,425000,75000,96000,605,
24,lgb,learning_rate=0.05_max_depth=6_num_leaves=255,"{""num_leaves"": 255, ""max_depth"": 6, ""learning_rate"": 0.05}",0.6411827362933711,0.6162464961526504,0.5891477500901265,33.22917253934331,34.30550784747159,35.526101306442825,0.7976604411753735,0.7795181808403754,0.7632497915425696,64.47773337364197,1.837249755859375,179,425000,75000,96000,1000,
24,lgb,learning_rate=0.1_max_depth=6_num_leaves=255,"{""num_leaves"": 255, ""max_depth"": 6, ""learning_rate"": 0.1}",0.6591237874245877,0.6243872649489228,0.58975134530566,32.323889925212285,33.92205271979459,35.499995490607056,0.8097325645973419,0.7857974438572359,0.764073775671172,57.696895599365234,1.8213436603546143,179,425000,75000,96000,1000,
24,lgb,learning_rate=0.2_max_depth=6_num_leaves=255,"{""num_leaves"": 255, ""max_depth"": 6, ""learning_rate"": 0.2}",0.6870353153227051,0.6268692736150494,0.5829318535932706,31.036430910749285,33.79985760715819,35.79383452611086,0.8284912075505141,0.7870365807757268,0.7608869911537954,54.32190465927124,1.756525993347168,179,425000,75000,96000,998,
24,lgb,learning_rate=0.05_max_depth=8_num_leaves=255,"{""num_leaves"": 255, ""max_depth"": 8, ""learning_rate"": 0.05}",0.6784857154230559,0.63016400876337,0.5888216249393663,31.424622712623773,33.67592115236776,35.540198414213705,0.8234555221609021,0.7899339696928648,0.7637162375774359,79.58546185493469,2.5726161003112793,179,425000,75000,96000,1000,
24,lgb,learning_rate=0.1_max_depth=8_num_leaves=255,"{""num_leaves"": 255, ""max_depth"": 8, ""learning_rate"": 0.1}",0.703508737011882,0.6313241317889065,0.583876207652122,30.1553104198263,33.746095203237736,35.75328814402929,0.8400853773512279,0.7904050292183935,0.7610088213894355,67.25435972213745,2.5998501777648926,179,425000,75000,96000,998,
24,lgb,learning_rate=0.2_max_depth=8_num_leaves=255,"{""num_leaves"": 255, ""max_depth"": 8, ""learning_rate"": 0.2}",0.7205597978648199,0.6294518100999027,0.5770597287169718,29.326444235149665,33.738250292800586,36.04493401795675,0.8501563772014475,0.7900828801395348,0.7575739831775026,54.113709926605225,1.852966070175171,179,425000,75000,96000,697,
24,lgb,learning_rate=0.05_max_depth=10_num_leaves=255,"{""num_leaves"": 255, ""max_depth"": 10, ""learning_rate"": 0.05}",0.7064966264279485,0.6344785068625798,0.5898455655279882,30.008495835805046,33.51353768031023,35.495918683164334,0.8422515391053902,0.7918052873875989,0.7643119263127247,91.45746803283691,3.2189853191375732,179,425000,75000,96000,997,
24,lgb,learning_rate=0.1_max_depth=10_num_leaves=255,"{""num_leaves"": 255, ""max_depth"": 10, ""learning_rate"": 0.1}",0.7356164015739924,0.6370768441924173,0.5770871304236056,28.51999193781023,33.400226010766055,36.04376634869825,0.8599184106462746,0.7946016902735163,0.7573533751009357,78.95377588272095,2.7910146713256836,179,425000,75000,96000,889,
24,lgb,learning_rate=0.2_max_depth=10_num_leaves=255,"{""num_leaves"": 255, ""max_depth"": 10, ""learning_rate"": 0.2}",0.7249421315059188,0.6326071242173161,0.5697580822129547,29.084984721910192,33.67804830058014,36.35474271602887,0.8531243147665786,0.7914675068839914,0.7525289887173233,41.44312834739685,1.2321903705596924,179,425000,75000,96000,380,
24,lgb,learning_rate=0.05_max_depth=12_num_leaves=255,"{""num_leaves"": 255, ""max_depth"": 12, ""learning_rate"": 0.05}",0.7117267736640347,0.6348662732963357,0.5855397230287807,29.76984069936981,33.48979394267083,35.68175209402099,0.8459706680935838,0.7926349687497867,0.7619818581019188,93.96499228477478,2.9996230602264404,179,425000,75000,96000,1000,
24,lgb,learning_rate=0.1_max_depth=12_num_leaves=255,"{""num_leaves"": 255, ""max_depth"": 12, ""learning_rate"": 0.1}",0.7460767332079703,0.6324786051353088,0.57756115241571,27.93360078103626,33.70630759903601,36.023560853164426,0.8664782289305125,0.7910904662840829,0.757342328667015,73.87062311172485,2.5512466430664062,179,425000,75000,96000,893,
24,lgb,learning_rate=0.2_max_depth=12_num_leaves=255,"{""num_leaves"": 255, ""max_depth"": 12, ""learning_rate"": 0.2}",0.7251077266801272,0.6282951322889248,0.5729708646315965,29.042790846199082,33.803938021498695,36.21875091841869,0.853452726299073,0.7887373854861666,0.7541709017676471,33.04945731163025,0.8972358703613281,179,425000,75000,96000,323,
24,mlp,epochs=15_hidden_dim=128_learning_rate=0.001,"{""hidden_dim"": 128, ""epochs"": 15, ""learning_rate"": 0.001}",-35.853519439697266,0.5898072719573975,0.5898072719573975,17.436786651611328,35.49757385253906,35.49757385253906,0.5616298744254558,0.7643524868536139,0.7643524868536139,100.03792452812195,0.015682458877563477,576,3840000,96000,96000,15,
24,mlp,epochs=25_hidden_dim=128_learning_rate=0.001,"{""hidden_dim"": 128, ""epochs"": 25, ""learning_rate"": 0.001}",-31.66858673095703,0.5911750793457031,0.5911750793457031,16.41693687438965,35.4383430480957,35.4383430480957,0.5443065573663171,0.7655840635836598,0.7655840635836598,175.2382788658142,0.01557779312133789,576,3840000,96000,96000,25,
24,mlp,epochs=15_hidden_dim=256_learning_rate=0.001,"{""hidden_dim"": 256, ""epochs"": 15, ""learning_rate"": 0.001}",-34.59606170654297,0.5910868644714355,0.5910868644714355,17.136730194091797,35.44216537475586,35.44216537475586,0.5714762298604259,0.7653061899292913,0.7653061899292913,100.65292429924011,0.017935991287231445,576,3840000,96000,96000,15,
24,mlp,epochs=25_hidden_dim=256_learning_rate=0.001,"{""hidden_dim"": 256, ""epochs"": 25, ""learning_rate"": 0.001}",-30.478485107421875,0.5939921140670776,0.5939921140670776,16.11513328552246,35.316036224365234,35.316036224365234,0.5411814968194908,0.7669457254713217,0.7669457254713217,166.08053588867188,0.017867326736450195,576,3840000,96000,96000,25,
24,mlp,epochs=15_hidden_dim=512_learning_rate=0.001,"{""hidden_dim"": 512, ""epochs"": 15, ""learning_rate"": 0.001}",-34.574501037597656,0.5940967798233032,0.5940967798233032,17.13153839111328,35.311485290527344,35.311485290527344,0.5437821067013487,0.7671574088065765,0.7671574088065765,109.98667502403259,0.03538823127746582,576,3840000,96000,96000,15,
24,mlp,epochs=25_hidden_dim=512_learning_rate=0.001,"{""hidden_dim"": 512, ""epochs"": 25, ""learning_rate"": 0.001}",-31.044189453125,0.5956277847290039,0.5956277847290039,16.25929069519043,35.24482727050781,35.24482727050781,0.5715553389952808,0.7682713747897094,0.7682713747897094,190.74544596672058,0.035437583923339844,576,3840000,96000,96000,25,
32,lgb,learning_rate=0.05_max_depth=6_num_leaves=31,"{""num_leaves"": 31, ""max_depth"": 6, ""learning_rate"": 0.05}",0.6524484262135826,0.6396124658406752,0.6322898696461494,43.529524409782695,44.33090538323836,44.81246421917641,0.8029192712667368,0.7943001242659232,0.7898271825535221,71.0340850353241,2.130498170852661,227,425000,75000,128000,1000,
32,lgb,learning_rate=0.1_max_depth=6_num_leaves=31,"{""num_leaves"": 31, ""max_depth"": 6, ""learning_rate"": 0.1}",0.67369812497555,0.6499089584443822,0.6335658665362944,42.25561095682547,43.750231747534976,44.73464441994216,0.8174812616835443,0.8008831771465991,0.7908084338082492,62.33522081375122,2.336426019668579,227,425000,75000,128000,999,
32,lgb,learning_rate=0.2_max_depth=6_num_leaves=31,"{""num_leaves"": 31, ""max_depth"": 6, ""learning_rate"": 0.2}",0.6919339905541988,0.6409718744782446,0.630631355542584,41.00608039112998,44.31278234468429,44.913411243670446,0.8301456602874964,0.7944830783774954,0.7888996106347905,58.13090920448303,2.257436752319336,227,425000,75000,128000,1000,
32,lgb,learning_rate=0.05_max_depth=8_num_leaves=31,"{""num_leaves"": 31, ""max_depth"": 8, ""learning_rate"": 0.05}",0.6566090344075199,0.6380019070483597,0.6337817143606395,43.34407038641923,44.47317028665737,44.72146702030198,0.8055442655065818,0.7919439734192102,0.7909199991870023,72.08834958076477,2.3843891620635986,227,425000,75000,128000,1000,
32,lgb,learning_rate=0.1_max_depth=8_num_leaves=31,"{""num_leaves"": 31, ""max_depth"": 8, ""learning_rate"": 0.1}",0.6772332608575314,0.6517595959337598,0.635590017069565,41.98100241424326,43.616586549816525,44.61091816224856,0.8201145236671394,0.8030268832253084,0.7917804916655089,62.54012417793274,2.1086010932922363,227,425000,75000,128000,1000,
32,lgb,learning_rate=0.2_max_depth=8_num_leaves=31,"{""num_leaves"": 31, ""max_depth"": 8, ""learning_rate"": 0.2}",0.7014397490204212,0.65229139961515,0.6317878113433337,40.40645914932143,43.65878167039167,44.84304645428563,0.8366939818211275,0.8028274474021343,0.7898198746508357,56.675851583480835,2.0138683319091797,227,425000,75000,128000,1000,
32,lgb,learning_rate=0.05_max_depth=10_num_leaves=31,"{""num_leaves"": 31, ""max_depth"": 10, ""learning_rate"": 0.05}",0.6594671198036797,0.6423806336351776,0.6337552966285437,43.16563216983647,44.133117612312184,44.72308001789865,0.8072357735403279,0.7948879907442821,0.7906300888153941,71.90230512619019,2.3072943687438965,227,425000,75000,128000,1000,
32,lgb,learning_rate=0.1_max_depth=10_num_leaves=31,"{""num_leaves"": 31, ""max_depth"": 10, ""learning_rate"": 0.1}",0.6755728228176623,0.6484689918123618,0.6354941013314839,42.061192224933606,43.730324295331414,44.61678875830749,0.8191900973136433,0.7995994403439454,0.7918206626639246,63.00860404968262,2.0873594284057617,227,425000,75000,128000,1000,
32,lgb,learning_rate=0.2_max_depth=10_num_leaves=31,"{""num_leaves"": 31, ""max_depth"": 10, ""learning_rate"": 0.2}",0.7031668692382629,0.6488250797882968,0.6344426969016361,40.28502988639108,43.664563327883435,44.6810902009557,0.8376960890567875,0.8016090806225729,0.7915834432601208,56.33646845817566,1.8488919734954834,227,425000,75000,128000,998,
32,lgb,learning_rate=0.05_max_depth=12_num_leaves=31,"{""num_leaves"": 31, ""max_depth"": 12, ""learning_rate"": 0.05}",0.6565723157864041,0.6413943995324451,0.6355351945144008,43.22712816569126,44.30015760382654,44.6142737132213,0.8057394737157503,0.7953488789036868,0.7918623553236882,73.06054973602295,2.251106023788452,227,425000,75000,128000,1000,
32,lgb,learning_rate=0.1_max_depth=12_num_leaves=31,"{""num_leaves"": 31, ""max_depth"": 12, ""learning_rate"": 0.1}",0.678272157010474,0.6463858203204746,0.6352381736036914,41.914400329171315,43.943066634869574,44.632449231549465,0.8209817857697089,0.7984268602021822,0.7915816861805056,62.10532522201538,1.9436728954315186,227,425000,75000,128000,998,
32,lgb,learning_rate=0.2_max_depth=12_num_leaves=31,"{""num_leaves"": 31, ""max_depth"": 12, ""learning_rate"": 0.2}",0.6980324587066328,0.6441015628028075,0.6318993354547071,40.6205313468813,44.01944456768397,44.836254908812144,0.8347329754832018,0.7968586191888691,0.7902395044472201,55.744234800338745,1.7737157344818115,227,425000,75000,128000,1000,
32,lgb,learning_rate=0.05_max_depth=6_num_leaves=63,"{""num_leaves"": 63, ""max_depth"": 6, ""learning_rate"": 0.05}",0.6654008907056852,0.6503817132719516,0.6345177106290398,42.71969022029323,43.68487697862537,44.676505602241946,0.8120973879032729,0.8012426186135703,0.7914115561619205,77.59769344329834,2.6548943519592285,227,425000,75000,128000,1000,
32,lgb,learning_rate=0.1_max_depth=6_num_leaves=63,"{""num_leaves"": 63, ""max_depth"": 6, ""learning_rate"": 0.1}",0.6855731881201805,0.6464265873963561,0.6336872470139451,41.41830323665646,43.876764511922175,44.72723468140069,0.8261027207176436,0.799044902155519,0.7909856735878154,69.89407801628113,2.658379316329956,227,425000,75000,128000,1000,
32,lgb,learning_rate=0.2_max_depth=6_num_leaves=63,"{""num_leaves"": 63, ""max_depth"": 6, ""learning_rate"": 0.2}",0.7168156356439483,0.6539971386149771,0.6297622504655027,39.37025327408979,43.37868725813858,44.96621965036947,0.846557412907588,0.8051198773672177,0.789432082027906,65.12029981613159,2.517899751663208,227,425000,75000,128000,1000,
32,lgb,learning_rate=0.05_max_depth=8_num_leaves=63,"{""num_leaves"": 63, ""max_depth"": 8, ""learning_rate"": 0.05}",0.676155402826543,0.6462198270826953,0.6361745357022339,42.0302145735361,44.006948640200704,44.575125539881256,0.8197222510363359,0.7978797394068631,0.7921464318261341,81.29823446273804,2.8033344745635986,227,425000,75000,128000,1000,
32,lgb,learning_rate=0.2_max_depth=8_num_leaves=63,"{""num_leaves"": 63, ""max_depth"": 8, ""learning_rate"": 0.2}",0.7376581905697551,0.6531983070097956,0.6270977584266436,37.86244147267015,43.50393553511472,45.12773389826363,0.8600466921153944,0.8038200227394351,0.7873902331368404,64.44743299484253,2.4466729164123535,227,425000,75000,128000,980,
32,lgb,learning_rate=0.05_max_depth=10_num_leaves=63,"{""num_leaves"": 63, ""max_depth"": 10, ""learning_rate"": 0.05}",0.6775292269042184,0.6515411225638654,0.6354635081848403,41.930197744224124,43.768912166558486,44.61866107275677,0.8205763705647818,0.8025852624114029,0.7913345593166404,83.03535556793213,2.680476427078247,227,425000,75000,128000,1000,
32,lgb,learning_rate=0.1_max_depth=10_num_leaves=63,"{""num_leaves"": 63, ""max_depth"": 10, ""learning_rate"": 0.1}",0.7051327932137827,0.6539261873594477,0.6353564001012421,40.06295972840381,43.511166845516996,44.625215517094055,0.8399070073439312,0.8035917228136782,0.7914682217427549,70.22794485092163,2.324495792388916,227,425000,75000,128000,1000,
32,lgb,learning_rate=0.2_max_depth=10_num_leaves=63,"{""num_leaves"": 63, ""max_depth"": 10, ""learning_rate"": 0.2}",0.7423251281742586,0.6497710003928758,0.626900092398571,37.525017025454744,43.586152780956276,45.139692847739944,0.8634859911419455,0.8009640798426784,0.7865687230554285,62.35236978530884,2.1522574424743652,227,425000,75000,128000,995,
32,lgb,learning_rate=0.05_max_depth=12_num_leaves=63,"{""num_leaves"": 63, ""max_depth"": 12, ""learning_rate"": 0.05}",0.6815964661223155,0.6515501416387119,0.6375075128992641,41.72410487185226,43.64325302537234,44.49339383750012,0.8231051635480258,0.8013644630367043,0.7927328760813459,82.66829180717468,2.622715711593628,227,425000,75000,128000,1000,
32,lgb,learning_rate=0.1_max_depth=12_num_leaves=63,"{""num_leaves"": 63, ""max_depth"": 12, ""learning_rate"": 0.1}",0.7056941652785231,0.6549043027798311,0.6346386494072316,40.09829626440644,43.49454639492478,44.66911322071165,0.8402579811748181,0.8049529556186171,0.7910539430913551,68.59950041770935,2.0450031757354736,227,425000,75000,128000,1000,
32,lgb,learning_rate=0.2_max_depth=12_num_leaves=63,"{""num_leaves"": 63, ""max_depth"": 12, ""learning_rate"": 0.2}",0.7436778823663235,0.6562726765367901,0.6284039277838223,37.34881753885706,43.30514452459413,45.04862982811575,0.8644004417111414,0.8056390033283172,0.7873963572590675,60.46128535270691,1.7960155010223389,227,425000,75000,128000,1000,
32,lgb,learning_rate=0.05_max_depth=6_num_leaves=127,"{""num_leaves"": 127, ""max_depth"": 6, ""learning_rate"": 0.05}",0.6678825423049342,0.6486879319812878,0.6345927683736114,42.55421264467971,43.88799548546239,44.671917842416555,0.8133054958869284,0.7996978829438863,0.7918447349370362,76.36545181274414,2.2935211658477783,227,425000,75000,128000,1000,
32,lgb,learning_rate=0.1_max_depth=6_num_leaves=127,"{""num_leaves"": 127, ""max_depth"": 6, ""learning_rate"": 0.1}",0.692696517603303,0.6533759907225141,0.63685021580974,41.01466381092356,43.415684722068846,44.5337148563766,0.8303611360810241,0.8028917150012692,0.7929861463766346,70.30118083953857,2.3583083152770996,227,425000,75000,128000,1000,
32,lgb,learning_rate=0.2_max_depth=6_num_leaves=127,"{""num_leaves"": 127, ""max_depth"": 6, ""learning_rate"": 0.2}",0.7143294712511782,0.6535768142853493,0.6320644791605097,39.44137089840911,43.608856772642646,44.826196171264264,0.8447459287199338,0.8050247987117232,0.7908309230391427,64.56059408187866,2.4206228256225586,227,425000,75000,128000,1000,
32,lgb,learning_rate=0.05_max_depth=8_num_leaves=127,"{""num_leaves"": 127, ""max_depth"": 8, ""learning_rate"": 0.05}",0.7010884644376147,0.6563164392518078,0.6363344133302526,40.41636825038621,43.34529875649819,44.565330529461555,0.8365988093521759,0.8060336260420488,0.792273951750665,95.09944605827332,3.2783005237579346,227,425000,75000,128000,1000,
32,lgb,learning_rate=0.1_max_depth=8_num_leaves=127,"{""num_leaves"": 127, ""max_depth"": 8, ""learning_rate"": 0.1}",0.7296015986316498,0.6585338955774791,0.6322937169515336,38.41158167004268,43.148790546046015,44.812229784941934,0.8555351517904538,0.8076105825821032,0.7901563376715135,83.24052929878235,3.3618035316467285,227,425000,75000,128000,999,
32,lgb,learning_rate=0.2_max_depth=8_num_leaves=127,"{""num_leaves"": 127, ""max_depth"": 8, ""learning_rate"": 0.2}",0.7663124144462247,0.6536836220497892,0.6172678938522774,35.72087565280359,43.51960699394494,45.71865827754846,0.8777936149738181,0.8050745777033221,0.7817261499063904,78.24926471710205,3.1933562755584717,227,425000,75000,128000,959,
32,lgb,learning_rate=0.05_max_depth=10_num_leaves=127,"{""num_leaves"": 127, ""max_depth"": 10, ""learning_rate"": 0.05}",0.7075666489444878,0.6588279631757019,0.6370293749574261,39.96629310415438,43.18721923427481,44.52272819598724,0.8410875369662608,0.8065612362516296,0.7925035471291444,96.0983452796936,3.240760326385498,227,425000,75000,128000,1000,
32,lgb,learning_rate=0.1_max_depth=10_num_leaves=127,"{""num_leaves"": 127, ""max_depth"": 10, ""learning_rate"": 0.1}",0.744991843795582,0.6594167514700002,0.6326104770183527,37.35512575977051,43.104093349231384,44.79292390973737,0.86559850186377,0.807837434095249,0.7901845092649056,81.83977270126343,2.868525981903076,227,425000,75000,128000,989,
32,lgb,learning_rate=0.2_max_depth=10_num_leaves=127,"{""num_leaves"": 127, ""max_depth"": 10, ""learning_rate"": 0.2}",0.7589044140159393,0.6531171573094263,0.6247733706035578,36.327447887597664,43.44189849520445,45.268161325498085,0.8736674120264253,0.8031117826096646,0.785774535786766,58.12854027748108,1.8799288272857666,227,425000,75000,128000,658,
32,lgb,learning_rate=0.05_max_depth=12_num_leaves=127,"{""num_leaves"": 127, ""max_depth"": 12, ""learning_rate"": 0.05}",0.709644627272447,0.6511972813944247,0.6357669951619705,39.8187173967581,43.55879976337151,44.60008405453613,0.8432572235638034,0.8019744028762905,0.7916085966021583,94.30266690254211,2.879499673843384,227,425000,75000,128000,1000,
32,lgb,learning_rate=0.1_max_depth=12_num_leaves=127,"{""num_leaves"": 127, ""max_depth"": 12, ""learning_rate"": 0.1}",0.7492498442677298,0.6594282313436303,0.6331939623767524,36.99684200346178,42.942000857249894,44.75733987816927,0.868516657339157,0.8082393310115221,0.7902989663595549,80.23515701293945,2.5652294158935547,227,425000,75000,128000,1000,
32,lgb,learning_rate=0.2_max_depth=12_num_leaves=127,"{""num_leaves"": 127, ""max_depth"": 12, ""learning_rate"": 0.2}",0.7662620027343212,0.6584731148237856,0.6239888791371353,35.73371856750963,43.28275920938395,45.31545800069023,0.8782362156657807,0.807140545698191,0.7849385499023813,57.87234878540039,1.6738836765289307,227,425000,75000,128000,678,
32,lgb,learning_rate=0.05_max_depth=6_num_leaves=255,"{""num_leaves"": 255, ""max_depth"": 6, ""learning_rate"": 0.05}",0.6702045004512485,0.6481890301468456,0.6348741742053502,42.431893452167245,43.83647396715389,44.6547132576286,0.814988215033634,0.7993716954533017,0.7918733436724297,76.91809558868408,2.3122167587280273,227,425000,75000,128000,1000,
32,lgb,learning_rate=0.1_max_depth=6_num_leaves=255,"{""num_leaves"": 255, ""max_depth"": 6, ""learning_rate"": 0.1}",0.6876680905568804,0.6517307714611498,0.6382166362084405,41.27674345557706,43.610322113371865,44.44985259263133,0.8273083350815329,0.8020885446270399,0.7942670180480312,69.51967358589172,2.3227312564849854,227,425000,75000,128000,1000,
32,lgb,learning_rate=0.2_max_depth=6_num_leaves=255,"{""num_leaves"": 255, ""max_depth"": 6, ""learning_rate"": 0.2}",0.7124972716865228,0.6560495173936229,0.630640261349509,39.625675849971685,43.322157913911525,44.9128697892374,0.8439652971408041,0.8063924379319958,0.7900697846024215,64.80386877059937,2.384707450866699,227,425000,75000,128000,1000,
32,lgb,learning_rate=0.05_max_depth=8_num_leaves=255,"{""num_leaves"": 255, ""max_depth"": 8, ""learning_rate"": 0.05}",0.7095421029484388,0.6585695136147491,0.6368776955434763,39.859708733208414,43.19815602907784,44.53202987977519,0.8424233915937587,0.8065945011029378,0.7927571453631888,101.87318110466003,3.4472718238830566,227,425000,75000,128000,1000,
32,lgb,learning_rate=0.1_max_depth=8_num_leaves=255,"{""num_leaves"": 255, ""max_depth"": 8, ""learning_rate"": 0.1}",0.7399785037544073,0.6626525374349759,0.6316263290938016,37.68711709663344,43.00605449515906,44.85287850558174,0.8621999665699491,0.8091902827987854,0.7897744271320849,86.30991673469543,3.5032613277435303,227,425000,75000,128000,996,
32,lgb,learning_rate=0.2_max_depth=8_num_leaves=255,"{""num_leaves"": 255, ""max_depth"": 8, ""learning_rate"": 0.2}",0.7758696104932752,0.6512103204255427,0.6166830577721591,34.96733316847161,43.636086900609136,45.753575278242415,0.8833891180541875,0.8034449696968494,0.7812504592769397,80.09612393379211,3.295433759689331,227,425000,75000,128000,934,
32,lgb,learning_rate=0.05_max_depth=10_num_leaves=255,"{""num_leaves"": 255, ""max_depth"": 10, ""learning_rate"": 0.05}",0.7397294809342534,0.6600698610874143,0.6353828086006195,37.76059913423457,43.151934401919824,44.6235995469871,0.862580366527251,0.8079490423487549,0.7916211973903602,113.75375270843506,4.180099248886108,227,425000,75000,128000,1000,
32,lgb,learning_rate=0.1_max_depth=10_num_leaves=255,"{""num_leaves"": 255, ""max_depth"": 10, ""learning_rate"": 0.1}",0.7790050587286711,0.6616290984549857,0.6275704419874841,34.772736420166396,42.89790811793535,45.099123314049606,0.8860436936624778,0.8098129978854728,0.7870358331319388,98.55863833427429,4.2259955406188965,227,425000,75000,128000,1000,
32,lgb,learning_rate=0.2_max_depth=10_num_leaves=255,"{""num_leaves"": 255, ""max_depth"": 10, ""learning_rate"": 0.2}",0.7724083889658369,0.6542722473152385,0.6193785738076693,35.210459755501574,43.42535520869556,45.592420025623404,0.8817367846500078,0.8050387402931067,0.7826029255675258,56.670921087265015,1.880314588546753,227,425000,75000,128000,449,
32,lgb,learning_rate=0.05_max_depth=12_num_leaves=255,"{""num_leaves"": 255, ""max_depth"": 12, ""learning_rate"": 0.05}",0.7465220004030944,0.6602167611379302,0.6337440676138907,37.17737921494563,43.03229669139015,44.723765614532496,0.8672174923857643,0.8081034863153442,0.7904761431188718,116.3011589050293,3.8793489933013916,227,425000,75000,128000,998,
32,lgb,learning_rate=0.1_max_depth=12_num_leaves=255,"{""num_leaves"": 255, ""max_depth"": 12, ""learning_rate"": 0.1}",0.7932293848809914,0.6622105664750211,0.6230038767894114,33.621842675116675,42.98677310567974,45.37477358493182,0.8944200722543812,0.8101686918007504,0.7836572829432178,101.6559808254242,3.7753312587738037,227,425000,75000,128000,1000,
32,lgb,learning_rate=0.2_max_depth=12_num_leaves=255,"{""num_leaves"": 255, ""max_depth"": 12, ""learning_rate"": 0.2}",0.7803071728289834,0.6547215051404287,0.6190042323029314,34.639205073034475,43.46846000824279,45.61483460822385,0.8864888391488416,0.8054972270810623,0.7822876700522513,55.408374071121216,1.6490347385406494,227,425000,75000,128000,437,
32,mlp,epochs=15_hidden_dim=128_learning_rate=0.001,"{""hidden_dim"": 128, ""epochs"": 15, ""learning_rate"": 0.001}",-40.3458251953125,0.6379493474960327,0.6379493474960327,18.468975067138672,44.466270446777344,44.466270446777344,0.5507795104882162,0.794712078248921,0.794712078248921,140.7119176387787,0.029935359954833984,1024,5120000,128000,128000,15,
32,mlp,epochs=25_hidden_dim=128_learning_rate=0.001,"{""hidden_dim"": 128, ""epochs"": 25, ""learning_rate"": 0.001}",-28.196596145629883,0.6395223140716553,0.6395223140716553,15.520049095153809,44.36956787109375,44.36956787109375,0.5472011890298987,0.7953376202556618,0.7953376202556618,235.86635994911194,0.03092503547668457,1024,5120000,128000,128000,25,
32,mlp,epochs=15_hidden_dim=256_learning_rate=0.001,"{""hidden_dim"": 256, ""epochs"": 15, ""learning_rate"": 0.001}",-35.31315612792969,0.6426026821136475,0.6426026821136475,17.308483123779297,44.179588317871094,44.179588317871094,0.5585094533750746,0.7967120834417489,0.7967120834417489,140.45579171180725,0.04834151268005371,1024,5120000,128000,128000,15,
32,mlp,epochs=25_hidden_dim=256_learning_rate=0.001,"{""hidden_dim"": 256, ""epochs"": 25, ""learning_rate"": 0.001}",-46.16144943237305,0.6426042318344116,0.6426042318344116,19.725160598754883,44.17949295043945,44.17949295043945,0.5568638641919462,0.7971164840896516,0.7971164840896516,237.26458716392517,0.048280954360961914,1024,5120000,128000,128000,25,
32,mlp,epochs=15_hidden_dim=512_learning_rate=0.001,"{""hidden_dim"": 512, ""epochs"": 15, ""learning_rate"": 0.001}",-29.999221801757812,0.6421600580215454,0.6421600580215454,15.991984367370605,44.20693588256836,44.20693588256836,0.54833522635056,0.796606128110542,0.796606128110542,108.74059987068176,0.08110833168029785,1024,5120000,128000,128000,15,
32,mlp,epochs=25_hidden_dim=512_learning_rate=0.001,"{""hidden_dim"": 512, ""epochs"": 25, ""learning_rate"": 0.001}",-30.607824325561523,0.642882227897644,0.642882227897644,16.14820671081543,44.16230392456055,44.16230392456055,0.5093567159289106,0.7972451828111031,0.7972451828111031,183.70908188819885,0.0809791088104248,1024,5120000,128000,128000,25,
40,lgb,learning_rate=0.05_max_depth=6_num_leaves=31,"{""num_leaves"": 31, ""max_depth"": 6, ""learning_rate"": 0.05}",0.6741781045481086,0.660887762441446,0.6568442182456462,52.74792766810639,53.710620618335724,54.11315990270149,0.8161330379724614,0.8077308834981645,0.8038513914223093,84.84883856773376,2.63796067237854,275,425000,75000,160000,1000,
40,lgb,learning_rate=0.1_max_depth=6_num_leaves=31,"{""num_leaves"": 31, ""max_depth"": 6, ""learning_rate"": 0.1}",0.694599701028166,0.6688309724650662,0.6631753566132972,51.03130177508778,53.28956981286369,53.611648810492504,0.8300456756969616,0.8114646500921853,0.8086868855051663,76.15327048301697,2.578489303588867,275,425000,75000,160000,1000,
40,lgb,learning_rate=0.2_max_depth=6_num_leaves=31,"{""num_leaves"": 31, ""max_depth"": 6, ""learning_rate"": 0.2}",0.7142088695155208,0.6675365764933043,0.6606509170801216,49.39952377632925,53.33877982103888,53.81217856420656,0.8436125656563693,0.8120590183714322,0.8072156785534005,70.3335440158844,2.5247859954833984,275,425000,75000,160000,1000,
40,lgb,learning_rate=0.05_max_depth=8_num_leaves=31,"{""num_leaves"": 31, ""max_depth"": 8, ""learning_rate"": 0.05}",0.673273273210838,0.6577047723240256,0.6583304538774195,52.81224924654525,53.90308908930172,53.99584849273609,0.8158161810520461,0.8051261429366647,0.8047736015525803,86.9097113609314,2.6840436458587646,275,425000,75000,160000,1000,
40,lgb,learning_rate=0.1_max_depth=8_num_leaves=31,"{""num_leaves"": 31, ""max_depth"": 8, ""learning_rate"": 0.1}",0.6962554164676553,0.66609395606191,0.6606881538510487,50.95018340998647,53.35599507414692,53.80922607834588,0.8315173395038045,0.8102635115785766,0.8065023952201915,75.11746311187744,2.3948066234588623,275,425000,75000,160000,1000,
40,lgb,learning_rate=0.2_max_depth=8_num_leaves=31,"{""num_leaves"": 31, ""max_depth"": 8, ""learning_rate"": 0.2}",0.7200250386009539,0.6716359026137213,0.6600458237223671,48.93159212225061,52.812723625614346,53.86013344507337,0.847416966497646,0.8150292687669413,0.8066855823012817,68.12355208396912,2.1692070960998535,275,425000,75000,160000,999,
40,lgb,learning_rate=0.05_max_depth=10_num_leaves=31,"{""num_leaves"": 31, ""max_depth"": 10, ""learning_rate"": 0.05}",0.6749211690699525,0.6597330236253769,0.6580525641870372,52.651220682531346,53.7754219108618,54.01780221974017,0.816906417864576,0.8062630269021794,0.8045666487976425,88.95459342002869,2.707186698913574,275,425000,75000,160000,1000,
40,lgb,learning_rate=0.1_max_depth=10_num_leaves=31,"{""num_leaves"": 31, ""max_depth"": 10, ""learning_rate"": 0.1}",0.6928625067204872,0.6630495058438773,0.6608436185903411,51.20085762407883,53.55470295622788,53.79689760259388,0.8295107668383279,0.8087982871154444,0.8064208314381872,75.10404133796692,2.319585084915161,275,425000,75000,160000,1000,
40,lgb,learning_rate=0.2_max_depth=10_num_leaves=31,"{""num_leaves"": 31, ""max_depth"": 10, ""learning_rate"": 0.2}",0.7207552748873145,0.6731057712396042,0.6603956649393643,48.80902594111443,52.874877204697995,53.832413025575676,0.8479945647814152,0.815373889121759,0.8065413782520766,68.25972127914429,2.051595687866211,275,425000,75000,160000,1000,
40,lgb,learning_rate=0.05_max_depth=12_num_leaves=31,"{""num_leaves"": 31, ""max_depth"": 12, ""learning_rate"": 0.05}",0.6743742336106712,0.6575877675445131,0.6593977508375811,52.78119995115166,53.93817548915508,53.911447232152945,0.8165023760598931,0.8043570264380868,0.8055635976244275,88.63733434677124,2.699474811553955,275,425000,75000,160000,1000,
40,lgb,learning_rate=0.1_max_depth=12_num_leaves=31,"{""num_leaves"": 31, ""max_depth"": 12, ""learning_rate"": 0.1}",0.6977143611635435,0.6693339947963425,0.6617881487871075,50.741977409546855,53.097614942714536,53.72193480657985,0.8324423271498081,0.8134277386285562,0.8068906957950441,76.8832414150238,2.3182129859924316,275,425000,75000,160000,1000,
40,lgb,learning_rate=0.2_max_depth=12_num_leaves=31,"{""num_leaves"": 31, ""max_depth"": 12, ""learning_rate"": 0.2}",0.721848801992752,0.6692547232775776,0.6603486750972116,48.77197784180181,53.067576958139725,53.83613719637321,0.84882541268286,0.813459706196358,0.806362994104248,67.49911975860596,2.042470693588257,275,425000,75000,160000,1000,
40,lgb,learning_rate=0.05_max_depth=6_num_leaves=63,"{""num_leaves"": 63, ""max_depth"": 6, ""learning_rate"": 0.05}",0.6857406582380379,0.6645240979653013,0.6597654288026172,51.663545276456674,53.46561870007204,53.88234084252527,0.8244548095949481,0.8104469832759524,0.8061201363299285,92.969313621521,2.913478136062622,275,425000,75000,160000,1000,
40,lgb,learning_rate=0.1_max_depth=6_num_leaves=63,"{""num_leaves"": 63, ""max_depth"": 6, ""learning_rate"": 0.1}",0.7065322655206535,0.6698483708467546,0.660296563004031,49.980217622440335,53.057084063325014,53.84026702892412,0.8383536139817384,0.8142462146605053,0.8065323416281541,84.36144185066223,2.9607491493225098,275,425000,75000,160000,1000,
40,lgb,learning_rate=0.2_max_depth=6_num_leaves=63,"{""num_leaves"": 63, ""max_depth"": 6, ""learning_rate"": 0.2}",0.7356653176447846,0.670124990426038,0.6572160193225906,47.5135728445829,53.020515441755705,54.0838368009843,0.8575523816135845,0.8141692041551334,0.8055922533506258,78.37618374824524,3.034532070159912,275,425000,75000,160000,999,
40,lgb,learning_rate=0.05_max_depth=8_num_leaves=63,"{""num_leaves"": 63, ""max_depth"": 8, ""learning_rate"": 0.05}",0.696177488512617,0.6680217105832615,0.6616931562592405,50.90521244387321,53.267558337451916,53.729478634645574,0.8316956844817526,0.8115027052588126,0.8070579392317404,99.6852445602417,3.2319202423095703,275,425000,75000,160000,1000,
40,lgb,learning_rate=0.1_max_depth=8_num_leaves=63,"{""num_leaves"": 63, ""max_depth"": 8, ""learning_rate"": 0.1}",0.7211223712213287,0.6678637391000792,0.662144333728703,48.779688829344515,53.30358476101104,53.69363895481052,0.8486979321324721,0.811590693411846,0.8075270649139951,86.14758324623108,3.0171732902526855,275,425000,75000,160000,999,
40,lgb,learning_rate=0.2_max_depth=8_num_leaves=63,"{""num_leaves"": 63, ""max_depth"": 8, ""learning_rate"": 0.2}",0.7587733478055912,0.6747981122102467,0.6512868354453258,45.373356427991645,52.66736734586223,54.549579388260845,0.8725322204025232,0.8178013173913382,0.8011100797946741,77.70126533508301,2.9204440116882324,275,425000,75000,160000,1000,
40,lgb,learning_rate=0.05_max_depth=10_num_leaves=63,"{""num_leaves"": 63, ""max_depth"": 10, ""learning_rate"": 0.05}",0.6992655846706348,0.667699253641415,0.6631352511634194,50.65201759772807,53.13211672477494,53.614840464275844,0.8336813402979242,0.8122011359419739,0.8077727007681618,100.44739866256714,3.1157960891723633,275,425000,75000,160000,1000,
40,lgb,learning_rate=0.1_max_depth=10_num_leaves=63,"{""num_leaves"": 63, ""max_depth"": 10, ""learning_rate"": 0.1}",0.7267381944869131,0.6742139841805359,0.6603797717439737,48.29560001898948,52.85948674482514,53.833672666517344,0.8523603840264965,0.8158869275737936,0.806344870212106,85.01053428649902,2.7361090183258057,275,425000,75000,160000,1000,
40,lgb,learning_rate=0.2_max_depth=10_num_leaves=63,"{""num_leaves"": 63, ""max_depth"": 10, ""learning_rate"": 0.2}",0.765463568352278,0.6684955462734908,0.6533972464179804,44.709728074131256,53.07800560566638,54.38426194225467,0.8771322271580756,0.8132395217148524,0.8022600234881785,76.333824634552,2.5128707885742188,275,425000,75000,160000,999,
40,lgb,learning_rate=0.05_max_depth=12_num_leaves=63,"{""num_leaves"": 63, ""max_depth"": 12, ""learning_rate"": 0.05}",0.698112349410033,0.6656050786029348,0.6629927690160323,50.77574556117184,53.343389141373656,53.62617787791651,0.8329765621479965,0.8106872782646111,0.8077332683946682,101.24709463119507,3.0433075428009033,275,425000,75000,160000,1000,
40,lgb,learning_rate=0.1_max_depth=12_num_leaves=63,"{""num_leaves"": 63, ""max_depth"": 12, ""learning_rate"": 0.1}",0.7274721394613468,0.671328240994102,0.661067468949203,48.2087739630778,52.9753632524355,53.77914112915168,0.8528944396087218,0.8135060480908052,0.8064776031735219,84.02879047393799,2.6050992012023926,275,425000,75000,160000,1000,
40,lgb,learning_rate=0.2_max_depth=12_num_leaves=63,"{""num_leaves"": 63, ""max_depth"": 12, ""learning_rate"": 0.2}",0.7663141719696163,0.6743719485825977,0.6512036207140932,44.6745776074354,52.81137913334278,54.556087685440424,0.8775890860072585,0.8167975089629289,0.8008163626247229,73.83162903785706,2.344802141189575,275,425000,75000,160000,1000,
40,lgb,learning_rate=0.05_max_depth=6_num_leaves=127,"{""num_leaves"": 127, ""max_depth"": 6, ""learning_rate"": 0.05}",0.6876451821117424,0.6605554787856336,0.6603155609962525,51.607583940451235,53.58851422165955,53.83876149326551,0.8254246348117822,0.8072910065636499,0.8066189148551974,92.01602363586426,2.900871515274048,275,425000,75000,160000,1000,
40,lgb,learning_rate=0.1_max_depth=6_num_leaves=127,"{""num_leaves"": 127, ""max_depth"": 6, ""learning_rate"": 0.1}",0.7077555234921644,0.6676315461823638,0.6598972012836491,49.90783236561334,53.10641994283875,53.871905545899345,0.839224992355578,0.8118754187205994,0.8061632528962109,84.30075478553772,2.942063808441162,275,425000,75000,160000,998,
40,lgb,learning_rate=0.2_max_depth=6_num_leaves=127,"{""num_leaves"": 127, ""max_depth"": 6, ""learning_rate"": 0.2}",0.7360118638488597,0.6691629481155437,0.6527964086964113,47.46829422505272,53.10410371520364,54.43137923561507,0.8578060280646951,0.8130996453593576,0.8027549551782415,78.52872395515442,2.9998488426208496,275,425000,75000,160000,998,
40,lgb,learning_rate=0.05_max_depth=8_num_leaves=127,"{""num_leaves"": 127, ""max_depth"": 8, ""learning_rate"": 0.05}",0.7194342608645834,0.6733908799282552,0.6630967729755572,48.96625011766258,52.86433595124699,53.61790243944952,0.8473709599128786,0.8153530015152305,0.8081149987358943,115.5490460395813,4.750495433807373,275,425000,75000,160000,1000,
40,lgb,learning_rate=0.1_max_depth=8_num_leaves=127,"{""num_leaves"": 127, ""max_depth"": 8, ""learning_rate"": 0.1}",0.7531271539167076,0.6738306193997041,0.6609117466546836,45.85711359081814,52.779140511154914,53.79149410324017,0.8692890897685166,0.8170020203552046,0.8067471675212001,101.9788703918457,4.739967346191406,275,425000,75000,160000,1000,
40,lgb,learning_rate=0.2_max_depth=8_num_leaves=127,"{""num_leaves"": 127, ""max_depth"": 8, ""learning_rate"": 0.2}",0.7964373439442638,0.6741718129293555,0.6520843326927787,41.649632612646336,52.63017169853667,54.48716700333526,0.8952981296739589,0.8173637587220244,0.8025591967465214,94.55977845191956,4.731667995452881,275,425000,75000,160000,986,
40,lgb,learning_rate=0.05_max_depth=10_num_leaves=127,"{""num_leaves"": 127, ""max_depth"": 10, ""learning_rate"": 0.05}",0.7264848934907904,0.6741878684626454,0.6624122845167111,48.314470917623495,52.67312419675,53.67234272088164,0.8526353674122314,0.8153264597841109,0.8074182919652918,119.22394323348999,4.091587781906128,275,425000,75000,160000,1000,
40,lgb,learning_rate=0.1_max_depth=10_num_leaves=127,"{""num_leaves"": 127, ""max_depth"": 10, ""learning_rate"": 0.1}",0.7687156066070203,0.6786906323580729,0.6599992276627837,44.43152508744016,52.36203888625417,53.86382450723816,0.8793701016433532,0.8195774053845479,0.8060542331830867,101.90777540206909,3.794616222381592,275,425000,75000,160000,1000,
40,lgb,learning_rate=0.2_max_depth=10_num_leaves=127,"{""num_leaves"": 127, ""max_depth"": 10, ""learning_rate"": 0.2}",0.7991353528322825,0.6744597298097231,0.645164353403865,41.396923117722785,52.67364763915751,55.0263689635839,0.8971643390268738,0.8176430035691686,0.7978832726038781,84.321537733078,2.975304126739502,275,425000,75000,160000,818,
40,lgb,learning_rate=0.05_max_depth=12_num_leaves=127,"{""num_leaves"": 127, ""max_depth"": 12, ""learning_rate"": 0.05}",0.7288952680370342,0.672402413893583,0.664111287214654,48.06561167212047,52.64981271367033,53.537111972682595,0.854300228404573,0.8155123398812455,0.8085173257682822,117.79974150657654,3.7307465076446533,275,425000,75000,160000,1000,
40,lgb,learning_rate=0.1_max_depth=12_num_leaves=127,"{""num_leaves"": 127, ""max_depth"": 12, ""learning_rate"": 0.1}",0.7705016941656351,0.679193325651387,0.6584833709989502,44.20309913218536,52.34658825942386,53.98376398902923,0.8808396414231244,0.8192586875078781,0.8049576230611938,98.06309747695923,3.2420334815979004,275,425000,75000,160000,995,
40,lgb,learning_rate=0.2_max_depth=12_num_leaves=127,"{""num_leaves"": 127, ""max_depth"": 12, ""learning_rate"": 0.2}",0.8066037038634242,0.6746806497555755,0.645830805550027,40.60399349589422,52.64770802043258,54.974669426384295,0.9016942907052541,0.8167061860206905,0.7974526677153508,82.15640616416931,2.6532387733459473,275,425000,75000,160000,843,
40,lgb,learning_rate=0.05_max_depth=6_num_leaves=255,"{""num_leaves"": 255, ""max_depth"": 6, ""learning_rate"": 0.05}",0.6839235608341389,0.6651321569307382,0.6586551952754183,51.911845900570675,53.41455662517942,53.970182090817865,0.8230811157676179,0.8096892715205914,0.8052188403533485,94.47535562515259,2.966196060180664,275,425000,75000,160000,1000,
40,lgb,learning_rate=0.1_max_depth=6_num_leaves=255,"{""num_leaves"": 255, ""max_depth"": 6, ""learning_rate"": 0.1}",0.7091599175419612,0.6682347684942356,0.6616663919438617,49.879711209543686,52.98685074355814,53.73160393050855,0.8401346200708416,0.8115890284649979,0.807171866223864,85.32958102226257,2.99283766746521,275,425000,75000,160000,999,
40,lgb,learning_rate=0.2_max_depth=6_num_leaves=255,"{""num_leaves"": 255, ""max_depth"": 6, ""learning_rate"": 0.2}",0.7366642205585017,0.6730878614674687,0.6555914200336102,47.4307970821471,52.77669287114609,54.211848474279094,0.8582327885848713,0.8151461979839146,0.8042114674747859,79.01085019111633,3.024962902069092,275,425000,75000,160000,999,
40,lgb,learning_rate=0.05_max_depth=8_num_leaves=255,"{""num_leaves"": 255, ""max_depth"": 8, ""learning_rate"": 0.05}",0.7299962197319882,0.6758894288759779,0.6617604700969213,48.02284544912175,52.53787461378554,53.72413301809017,0.8546408387318445,0.81738724885509,0.8072616605852221,121.64504170417786,4.444486618041992,275,425000,75000,160000,999,
40,lgb,learning_rate=0.1_max_depth=8_num_leaves=255,"{""num_leaves"": 255, ""max_depth"": 8, ""learning_rate"": 0.1}",0.76239907777818,0.6742174054035874,0.6607055576676045,45.05267255409388,52.584757556956205,53.807846082452635,0.8752567054406751,0.8165330256756363,0.8067333733524275,105.75768780708313,4.488076210021973,275,425000,75000,160000,1000,
40,lgb,learning_rate=0.2_max_depth=8_num_leaves=255,"{""num_leaves"": 255, ""max_depth"": 8, ""learning_rate"": 0.2}",0.7932170385796031,0.678645381006727,0.6477442232907198,41.98129851793301,52.402518589711605,54.82596653598061,0.8933290245985984,0.8195269138939248,0.7997395434130959,91.89339804649353,3.673914670944214,275,425000,75000,160000,824,
40,lgb,learning_rate=0.05_max_depth=10_num_leaves=255,"{""num_leaves"": 255, ""max_depth"": 10, ""learning_rate"": 0.05}",0.7592304742879369,0.6786538129806672,0.6627973917165049,45.31695804521762,52.33061851054494,53.641720303651105,0.8740626257753834,0.8196041038816965,0.8076363997620002,144.59248971939087,5.527623176574707,275,425000,75000,160000,1000,
40,lgb,learning_rate=0.1_max_depth=10_num_leaves=255,"{""num_leaves"": 255, ""max_depth"": 10, ""learning_rate"": 0.1}",0.8035416107437358,0.6811086865757205,0.6555069947021734,40.929602331486436,52.29949723529223,54.21849257824934,0.9002431581195474,0.8220180151455927,0.8033425030470336,122.26285982131958,5.350975751876831,275,425000,75000,160000,999,
40,lgb,learning_rate=0.2_max_depth=10_num_leaves=255,"{""num_leaves"": 255, ""max_depth"": 10, ""learning_rate"": 0.2}",0.8285439923884332,0.6747205242973688,0.6403477580295525,38.23392555414794,52.543683218115206,55.398578445609246,0.9136140039046409,0.8179374893126052,0.7950040098153234,94.94591212272644,3.6676526069641113,275,425000,75000,160000,692,
40,lgb,learning_rate=0.05_max_depth=12_num_leaves=255,"{""num_leaves"": 255, ""max_depth"": 12, ""learning_rate"": 0.05}",0.7689988872479969,0.6757223390185996,0.6629981500815985,44.32416630756058,52.61078016760905,53.62574974595879,0.8803151308212752,0.8181048307957479,0.8074724024089627,148.30882859230042,5.290014982223511,275,425000,75000,160000,1000,
40,lgb,learning_rate=0.1_max_depth=12_num_leaves=255,"{""num_leaves"": 255, ""max_depth"": 12, ""learning_rate"": 0.1}",0.8198496294693947,0.6821173619271983,0.6548673655859695,39.17758772843135,52.08715770511047,54.268803677744046,0.9096935195028799,0.8222472842503437,0.8031877435752752,126.91479134559631,4.8288233280181885,275,425000,75000,160000,984,
40,lgb,learning_rate=0.2_max_depth=12_num_leaves=255,"{""num_leaves"": 255, ""max_depth"": 12, ""learning_rate"": 0.2}",0.826069962208706,0.675844627598946,0.6400803510038733,38.50124764288864,52.537126176549215,55.41916947046571,0.9124856680378834,0.8180690014133731,0.7942795580721125,78.45370888710022,2.51212215423584,275,425000,75000,160000,549,
40,mlp,epochs=15_hidden_dim=128_learning_rate=0.001,"{""hidden_dim"": 128, ""epochs"": 15, ""learning_rate"": 0.001}",-44.505638122558594,0.6505533456802368,0.6505533456802368,19.375797271728516,54.60691452026367,54.60691452026367,0.5374510972588101,0.8011394239371451,0.8011394239371451,122.43279790878296,0.08060050010681152,1600,6400000,160000,160000,15,
40,mlp,epochs=25_hidden_dim=128_learning_rate=0.001,"{""hidden_dim"": 128, ""epochs"": 25, ""learning_rate"": 0.001}",-36.40288162231445,0.6593706607818604,0.6593706607818604,17.566267013549805,53.91358947753906,53.91358947753906,0.5402222361467673,0.8054148387490621,0.8054148387490621,203.31403923034668,0.08074212074279785,1600,6400000,160000,160000,25,
40,mlp,epochs=15_hidden_dim=256_learning_rate=0.001,"{""hidden_dim"": 256, ""epochs"": 15, ""learning_rate"": 0.001}",-30.196382522583008,0.656996488571167,0.656996488571167,16.042760848999023,54.10115051269531,54.10115051269531,0.515274377816767,0.8038097067471816,0.8038097067471816,118.8762469291687,0.09293508529663086,1600,6400000,160000,160000,15,
40,mlp,epochs=25_hidden_dim=256_learning_rate=0.001,"{""hidden_dim"": 256, ""epochs"": 25, ""learning_rate"": 0.001}",-37.814632415771484,0.6601880788803101,0.6601880788803101,17.894712448120117,53.84886169433594,53.84886169433594,0.49689605785464885,0.8065543479516056,0.8065543479516056,197.32499885559082,0.09996676445007324,1600,6400000,160000,160000,25,
40,mlp,epochs=15_hidden_dim=512_learning_rate=0.001,"{""hidden_dim"": 512, ""epochs"": 15, ""learning_rate"": 0.001}",-35.66628646850586,0.6606117486953735,0.6606117486953735,17.392436981201172,53.815284729003906,53.815284729003906,0.5344716448783744,0.8066172323447187,0.8066172323447187,204.44483852386475,0.17894434928894043,1600,6400000,160000,160000,15,
40,mlp,epochs=25_hidden_dim=512_learning_rate=0.001,"{""hidden_dim"": 512, ""epochs"": 25, ""learning_rate"": 0.001}",-27.40228843688965,0.6643707752227783,0.6643707752227783,15.307477951049805,53.516422271728516,53.516422271728516,0.5555528952110903,0.8085544548966034,0.8085544548966034,340.256915807724,0.17974257469177246,1600,6400000,160000,160000,25,
48,lgb,learning_rate=0.05_max_depth=6_num_leaves=31,"{""num_leaves"": 31, ""max_depth"": 6, ""learning_rate"": 0.05}",0.6842538397742803,0.6693652865115307,0.6633272015616568,62.25585433873808,63.76739601210847,64.31957160261427,0.8225132066845202,0.810932457354961,0.8082868694642901,103.60515546798706,3.491128921508789,323,425000,75000,192000,1000,
48,lgb,learning_rate=0.1_max_depth=6_num_leaves=31,"{""num_leaves"": 31, ""max_depth"": 6, ""learning_rate"": 0.1}",0.7082487014963764,0.681448609378889,0.6662189410243843,59.821175101044794,62.38083902628438,64.04275007839777,0.838375607611206,0.8205838458447133,0.8102993483758196,92.62272071838379,3.3173277378082275,323,425000,75000,192000,999,
48,lgb,learning_rate=0.2_max_depth=6_num_leaves=31,"{""num_leaves"": 31, ""max_depth"": 6, ""learning_rate"": 0.2}",0.7282199811242198,0.6807362364312188,0.6618666039142221,57.721169698286225,62.64649485844773,64.45894036764048,0.8518543898051065,0.8208982929173666,0.8078797885532919,84.41692852973938,3.254436731338501,323,425000,75000,192000,1000,
48,lgb,learning_rate=0.05_max_depth=8_num_leaves=31,"{""num_leaves"": 31, ""max_depth"": 8, ""learning_rate"": 0.05}",0.6889045468846576,0.6731809426155025,0.664065855243538,61.864777103159234,63.44990957754521,64.24897490431533,0.825294150172241,0.8143642815655242,0.8086520317462698,106.1004045009613,3.5566675662994385,323,425000,75000,192000,1000,
48,lgb,learning_rate=0.1_max_depth=8_num_leaves=31,"{""num_leaves"": 31, ""max_depth"": 8, ""learning_rate"": 0.1}",0.7077731431691459,0.6791495010122026,0.6664904276724937,59.89712956237644,62.86145321838618,64.01669963607962,0.8383398162796658,0.818483980775684,0.8102523337802296,90.96004843711853,3.1584017276763916,323,425000,75000,192000,1000,
48,lgb,learning_rate=0.2_max_depth=8_num_leaves=31,"{""num_leaves"": 31, ""max_depth"": 8, ""learning_rate"": 0.2}",0.7332851681294517,0.6777445759994838,0.6618139082114475,57.27956051319745,62.729691447387026,64.46396290737498,0.855334933581467,0.8177313406061062,0.8075214377470807,81.9981620311737,2.826615571975708,323,425000,75000,192000,1000,
48,lgb,learning_rate=0.05_max_depth=10_num_leaves=31,"{""num_leaves"": 31, ""max_depth"": 10, ""learning_rate"": 0.05}",0.6870327984744891,0.6707134819963706,0.6636957931553318,61.99293732439444,63.61933526876453,64.2843532156676,0.8239672909648557,0.8117914241515412,0.8082032266912116,106.94032883644104,3.4721360206604004,323,425000,75000,192000,1000,
48,lgb,learning_rate=0.1_max_depth=10_num_leaves=31,"{""num_leaves"": 31, ""max_depth"": 10, ""learning_rate"": 0.1}",0.7079744600009206,0.6795934002313562,0.6661329503121116,59.93942306630838,62.63285541687583,64.05099908909018,0.8384919129574632,0.8188514037179614,0.8095787165969229,91.34715819358826,3.035653591156006,323,425000,75000,192000,1000,
48,lgb,learning_rate=0.2_max_depth=10_num_leaves=31,"{""num_leaves"": 31, ""max_depth"": 10, ""learning_rate"": 0.2}",0.7342317129016017,0.6851368910130544,0.6635410400414291,57.1442291251142,62.25673939218272,64.29914199835217,0.855903698989984,0.822490430457266,0.8085171464068543,83.01615977287292,2.768451452255249,323,425000,75000,192000,999,
48,lgb,learning_rate=0.05_max_depth=12_num_leaves=31,"{""num_leaves"": 31, ""max_depth"": 12, ""learning_rate"": 0.05}",0.686815238542319,0.6677732459190082,0.6636356373079454,62.06875748547732,63.82300446600388,64.29010233617932,0.8240626647500469,0.8095563363772319,0.808151988619454,107.38787722587585,3.467982530593872,323,425000,75000,192000,1000,
48,lgb,learning_rate=0.1_max_depth=12_num_leaves=31,"{""num_leaves"": 31, ""max_depth"": 12, ""learning_rate"": 0.1}",0.706332502252074,0.6759908118902589,0.6645137567587189,60.052788377704886,63.218354127507446,64.20612898907648,0.8374937251478658,0.8165076038959206,0.8085109392473422,91.17788290977478,2.904494524002075,323,425000,75000,192000,1000,
48,lgb,learning_rate=0.2_max_depth=12_num_leaves=31,"{""num_leaves"": 31, ""max_depth"": 12, ""learning_rate"": 0.2}",0.7358002006521602,0.6761482440424118,0.6621855663157578,56.955219742499786,62.95982320859821,64.42853102398938,0.8569479651104104,0.8157709298450744,0.8075017951095528,82.05313396453857,2.6406869888305664,323,425000,75000,192000,1000,
48,lgb,learning_rate=0.05_max_depth=6_num_leaves=63,"{""num_leaves"": 63, ""max_depth"": 6, ""learning_rate"": 0.05}",0.7002810307613648,0.6776352551518983,0.6653347872117736,60.6950141586387,62.90406193208463,64.1275155138104,0.8329971880313289,0.8180270078759767,0.8096202092745253,111.65891337394714,3.7671117782592773,323,425000,75000,192000,1000,
48,lgb,learning_rate=0.1_max_depth=6_num_leaves=63,"{""num_leaves"": 63, ""max_depth"": 6, ""learning_rate"": 0.1}",0.7233286271609524,0.6877894495304089,0.6674200304632012,58.30257973343533,61.97203913842819,63.92741939630226,0.8485491167697972,0.825520568433708,0.8111320169425774,100.22231531143188,3.7642478942871094,323,425000,75000,192000,1000,
48,lgb,learning_rate=0.2_max_depth=6_num_leaves=63,"{""num_leaves"": 63, ""max_depth"": 6, ""learning_rate"": 0.2}",0.7513382297588078,0.6833465412359414,0.659084426852202,55.3034237602004,62.51147375382186,64.7235826666683,0.8665525446125667,0.8230797025548013,0.8066437155425729,94.2442090511322,3.850285768508911,323,425000,75000,192000,999,
48,lgb,learning_rate=0.05_max_depth=8_num_leaves=63,"{""num_leaves"": 63, ""max_depth"": 8, ""learning_rate"": 0.05}",0.7088833555563068,0.6790314602108545,0.6675468672728107,59.85094305877382,62.87875144985814,63.91522815827207,0.8393163493009467,0.8190685913567479,0.8104695723417241,119.4562258720398,4.164721250534058,323,425000,75000,192000,1000,
48,lgb,learning_rate=0.1_max_depth=8_num_leaves=63,"{""num_leaves"": 63, ""max_depth"": 8, ""learning_rate"": 0.1}",0.7400955433550898,0.6863826244587118,0.6651278046776185,56.48772569966077,61.956922032660295,64.14734312584697,0.8599562097361476,0.8232283905388621,0.8094104089177513,104.52325797080994,3.894540309906006,323,425000,75000,192000,1000,
48,lgb,learning_rate=0.2_max_depth=8_num_leaves=63,"{""num_leaves"": 63, ""max_depth"": 8, ""learning_rate"": 0.2}",0.774828984169691,0.6868159741838369,0.656622582511136,52.5594943629733,62.04716885699068,64.95685561446435,0.8817103815669067,0.8239434868057691,0.8045662338081764,94.3082902431488,3.8270490169525146,323,425000,75000,192000,1000,
48,lgb,learning_rate=0.05_max_depth=10_num_leaves=63,"{""num_leaves"": 63, ""max_depth"": 10, ""learning_rate"": 0.05}",0.7134151182318327,0.6808363720757025,0.6664256492275489,59.38368207606385,62.77676666947458,64.02291640053048,0.842010205476247,0.8199570821042033,0.8098517590155756,123.09907603263855,3.9707701206207275,323,425000,75000,192000,1000,
48,lgb,learning_rate=0.1_max_depth=10_num_leaves=63,"{""num_leaves"": 63, ""max_depth"": 10, ""learning_rate"": 0.1}",0.7408491608071381,0.6813776927307373,0.6670223592640929,56.46288819433696,62.48070429809,63.96562749810321,0.8605545464850252,0.8205844325695277,0.8104456595113863,103.30180597305298,3.627974510192871,323,425000,75000,192000,1000,
48,lgb,learning_rate=0.2_max_depth=10_num_leaves=63,"{""num_leaves"": 63, ""max_depth"": 10, ""learning_rate"": 0.2}",0.7799413635745333,0.6853733619616174,0.6557610754050367,51.9953241563246,62.1870121932596,65.03829040531323,0.8853102097142684,0.8233074842943713,0.8041012115890913,91.68620681762695,3.380474328994751,323,425000,75000,192000,1000,
48,lgb,learning_rate=0.05_max_depth=12_num_leaves=63,"{""num_leaves"": 63, ""max_depth"": 12, ""learning_rate"": 0.05}",0.7139163200545664,0.6830804293747423,0.665199608083038,59.322696392069474,62.51654624417568,64.14046551002706,0.8426331502505552,0.8215058913845603,0.8088278749069738,123.43169927597046,3.961338758468628,323,425000,75000,192000,1000,
48,lgb,learning_rate=0.1_max_depth=12_num_leaves=63,"{""num_leaves"": 63, ""max_depth"": 12, ""learning_rate"": 0.1}",0.7411770945233167,0.6864207229491958,0.6673027341333001,56.41379410242086,62.2192986467874,63.93869155838156,0.8611673066756189,0.823753991599476,0.8103657808750205,101.86814737319946,3.436583995819092,323,425000,75000,192000,1000,
48,lgb,learning_rate=0.2_max_depth=12_num_leaves=63,"{""num_leaves"": 63, ""max_depth"": 12, ""learning_rate"": 0.2}",0.7823878206538952,0.6858274167498737,0.6613881552267464,51.68483777556694,62.23473920503422,64.50452798773128,0.8868189822762502,0.8239280207876108,0.8072959628840998,90.47889447212219,3.1230170726776123,323,425000,75000,192000,1000,
48,lgb,learning_rate=0.05_max_depth=6_num_leaves=127,"{""num_leaves"": 127, ""max_depth"": 6, ""learning_rate"": 0.05}",0.6981675457009904,0.674993247549873,0.6645246720062477,60.90261383702718,63.26906246152351,64.20508448798971,0.8316508523428329,0.8151735235046007,0.8091065291699031,109.93074870109558,3.818826675415039,323,425000,75000,192000,1000,
48,lgb,learning_rate=0.1_max_depth=6_num_leaves=127,"{""num_leaves"": 127, ""max_depth"": 6, ""learning_rate"": 0.1}",0.7218593882186023,0.6836045750723804,0.6642241570970735,58.47085234530323,62.31686164627938,64.23383513593843,0.8477626496604457,0.8207342839585395,0.8089619430904824,100.0589747428894,3.8288486003875732,323,425000,75000,192000,998,
48,lgb,learning_rate=0.2_max_depth=6_num_leaves=127,"{""num_leaves"": 127, ""max_depth"": 6, ""learning_rate"": 0.2}",0.7523755474597918,0.686309591666983,0.6603620525916665,55.17666596341047,62.03886535903839,64.60218877554628,0.8670730923478167,0.8239480782367495,0.8074399770782366,93.69301438331604,3.888909101486206,323,425000,75000,192000,999,
48,lgb,learning_rate=0.05_max_depth=8_num_leaves=127,"{""num_leaves"": 127, ""max_depth"": 8, ""learning_rate"": 0.05}",0.7354519281076672,0.6865949413751422,0.6666989578604113,56.98154861229382,62.11769404527753,63.99668296657586,0.8568513481172519,0.822950240645245,0.8101316509935228,138.29411935806274,5.320886850357056,323,425000,75000,192000,1000,
48,lgb,learning_rate=0.1_max_depth=8_num_leaves=127,"{""num_leaves"": 127, ""max_depth"": 8, ""learning_rate"": 0.1}",0.7716201351121444,0.6907161816705767,0.6634839958546112,52.98997609171497,61.64042113934604,64.30459249492367,0.8800966927126078,0.8260850686324136,0.808366576676893,119.20974087715149,5.542929649353027,323,425000,75000,192000,1000,
48,lgb,learning_rate=0.2_max_depth=8_num_leaves=127,"{""num_leaves"": 127, ""max_depth"": 8, ""learning_rate"": 0.2}",0.8146038071246484,0.6887124857870732,0.6496552944440215,47.77322842246714,61.913457332897686,65.61254869672214,0.9056363541958456,0.8264411893837008,0.801548033434056,113.15515112876892,5.518490552902222,323,425000,75000,192000,1000,
48,lgb,learning_rate=0.05_max_depth=10_num_leaves=127,"{""num_leaves"": 127, ""max_depth"": 10, ""learning_rate"": 0.05}",0.7421691332340653,0.6894707786288725,0.6681118836931323,56.19260685508945,61.722212395665515,63.86089191231017,0.8617560969255581,0.8267719824011388,0.8109939220685518,144.10835981369019,5.254241704940796,323,425000,75000,192000,1000,
48,lgb,learning_rate=0.1_max_depth=10_num_leaves=127,"{""num_leaves"": 127, ""max_depth"": 10, ""learning_rate"": 0.1}",0.7815386874851201,0.6916013758220263,0.6619885848818274,51.833573019146336,61.6453393372707,64.4473125999384,0.8865762230505326,0.8273530424619349,0.807370040565733,120.95058822631836,4.937230348587036,323,425000,75000,192000,999,
48,lgb,learning_rate=0.2_max_depth=10_num_leaves=127,"{""num_leaves"": 127, ""max_depth"": 10, ""learning_rate"": 0.2}",0.8327153306874078,0.687315561204769,0.647203263691196,45.306084410915474,61.9740328302697,65.84175647744034,0.9161296515515089,0.8265472421769431,0.7991096215922379,109.24487161636353,4.762505292892456,323,425000,75000,192000,1000,
48,lgb,learning_rate=0.05_max_depth=12_num_leaves=127,"{""num_leaves"": 127, ""max_depth"": 12, ""learning_rate"": 0.05}",0.7436501958848099,0.6877996069296259,0.6677633394388122,56.11315640354048,61.86174052676373,63.89441602039646,0.8630428654193351,0.8232971967638029,0.8104152229175233,141.4993405342102,5.105160713195801,323,425000,75000,192000,1000,
48,lgb,learning_rate=0.1_max_depth=12_num_leaves=127,"{""num_leaves"": 127, ""max_depth"": 12, ""learning_rate"": 0.1}",0.7861476897853281,0.6908747810546606,0.6617537621094088,51.272064594164725,61.52086435303688,64.46969508236481,0.8896154916357932,0.8262828857667299,0.8070328516080295,118.98179888725281,4.481206178665161,323,425000,75000,192000,1000,
48,lgb,learning_rate=0.2_max_depth=12_num_leaves=127,"{""num_leaves"": 127, ""max_depth"": 12, ""learning_rate"": 0.2}",0.8359075082950607,0.6918403657641764,0.6467588193547833,44.885849407173886,61.552944667340014,65.88321630736746,0.9179561584354946,0.827925798844471,0.7986635741566068,106.28077387809753,3.9606142044067383,323,425000,75000,192000,984,
48,lgb,learning_rate=0.05_max_depth=6_num_leaves=255,"{""num_leaves"": 255, ""max_depth"": 6, ""learning_rate"": 0.05}",0.6995191524906434,0.6800191292112561,0.6648506755705075,60.74069199065507,62.693162985022674,64.1738807419283,0.8325605429880812,0.8198201721754564,0.8094261050686258,110.10363721847534,3.810419797897339,323,425000,75000,192000,1000,
48,lgb,learning_rate=0.1_max_depth=6_num_leaves=255,"{""num_leaves"": 255, ""max_depth"": 6, ""learning_rate"": 0.1}",0.7198725288591072,0.6832735753713788,0.6662785648656373,58.63409130458231,62.32481031904084,64.03702979379551,0.8464903628255573,0.821203330054175,0.8102673880272337,100.9078540802002,3.8350515365600586,323,425000,75000,192000,1000,
48,lgb,learning_rate=0.2_max_depth=6_num_leaves=255,"{""num_leaves"": 255, ""max_depth"": 6, ""learning_rate"": 0.2}",0.750550035882767,0.6856590402690936,0.6604314706411408,55.380162525373294,62.20868679201678,64.59558646985269,0.8662465732297864,0.8232973451670723,0.8075198341343613,94.08263325691223,3.8422346115112305,323,425000,75000,192000,1000,
48,lgb,learning_rate=0.05_max_depth=8_num_leaves=255,"{""num_leaves"": 255, ""max_depth"": 8, ""learning_rate"": 0.05}",0.7364804085719666,0.6815992866226093,0.6674415202222065,56.8471895971605,62.540003553746025,63.925354017814236,0.8579860562288388,0.8199929032541123,0.8106781852935767,140.4493441581726,5.792912483215332,323,425000,75000,192000,1000,
48,lgb,learning_rate=0.1_max_depth=8_num_leaves=255,"{""num_leaves"": 255, ""max_depth"": 8, ""learning_rate"": 0.1}",0.7780066361650018,0.6919584159409917,0.6621130412813812,52.222749109132664,61.485437182780906,64.43544670046006,0.8840817394107243,0.827371504595826,0.8077287538143654,119.98494100570679,5.779997825622559,323,425000,75000,192000,1000,
48,lgb,learning_rate=0.2_max_depth=8_num_leaves=255,"{""num_leaves"": 255, ""max_depth"": 8, ""learning_rate"": 0.2}",0.8198372539936281,0.6868267499910387,0.6483266360488518,47.070343076156874,62.018262139401784,65.7368465179008,0.9085869468089125,0.8248986454342492,0.8007630532382405,110.82280111312866,5.702320337295532,323,425000,75000,192000,946,
48,lgb,learning_rate=0.05_max_depth=10_num_leaves=255,"{""num_leaves"": 255, ""max_depth"": 10, ""learning_rate"": 0.05}",0.7766771393862374,0.6928404744245475,0.6661041016503806,52.40738044223851,61.4645287384352,64.05376627694837,0.8838208128252039,0.8276958308207291,0.8097406856040161,154.3517496585846,6.995639801025391,323,425000,75000,192000,1000,
48,lgb,learning_rate=0.1_max_depth=10_num_leaves=255,"{""num_leaves"": 255, ""max_depth"": 10, ""learning_rate"": 0.1}",0.8250520068003606,0.6969185227765493,0.657632887047092,46.37798014403259,60.96816729603009,64.86122534590746,0.9124472928404326,0.8300875436399543,0.8047784137016429,137.3193163871765,6.864088773727417,323,425000,75000,192000,1000,
48,lgb,learning_rate=0.2_max_depth=10_num_leaves=255,"{""num_leaves"": 255, ""max_depth"": 10, ""learning_rate"": 0.2}",0.849151147232523,0.6917506680369563,0.6441556107222745,43.10231707962898,61.53048797961685,66.12553365943889,0.9249369111459451,0.8285283799355165,0.7978521311974266,104.75718259811401,4.4655442237854,323,425000,75000,192000,698,
48,lgb,learning_rate=0.05_max_depth=12_num_leaves=255,"{""num_leaves"": 255, ""max_depth"": 12, ""learning_rate"": 0.05}",0.7855418890457335,0.6956398367550436,0.6676754223167412,51.28959969836859,61.28034885275389,63.902869394551274,0.8896843169515403,0.8295154914808109,0.8104466582330994,158.38653874397278,6.130889177322388,323,425000,75000,192000,1000,
48,lgb,learning_rate=0.1_max_depth=12_num_leaves=255,"{""num_leaves"": 255, ""max_depth"": 12, ""learning_rate"": 0.1}",0.8360194925417772,0.697157991265134,0.6565113440529586,44.91036509801275,61.027626267650454,64.96737627627101,0.9185535386822,0.8305649003697975,0.8040383961084797,131.72173976898193,5.739771366119385,323,425000,75000,192000,1000,
48,lgb,learning_rate=0.2_max_depth=12_num_leaves=255,"{""num_leaves"": 255, ""max_depth"": 12, ""learning_rate"": 0.2}",0.8654337406991235,0.6927539385749996,0.6443521608887678,40.65386064328578,61.6317625374708,66.10726896248926,0.9338055831096533,0.8283239895828207,0.7973243536345209,102.48377132415771,3.948434829711914,323,425000,75000,192000,719,
56,lgb,learning_rate=0.05_max_depth=6_num_leaves=31,"{""num_leaves"": 31, ""max_depth"": 6, ""learning_rate"": 0.05}",0.693165961760263,0.680468971584835,0.6614813543571871,71.69466979424327,73.15941509016534,75.24499304297565,0.8275430421295654,0.818134453240012,0.8048295125918374,116.61316347122192,3.787520408630371,371,425000,75000,224000,1000,
56,lgb,learning_rate=0.1_max_depth=6_num_leaves=31,"{""num_leaves"": 31, ""max_depth"": 6, ""learning_rate"": 0.1}",0.7127442153970699,0.6865528700598839,0.6669133474622868,69.2918453737013,72.30719224818544,74.63884736085082,0.8407307383553406,0.8220586001586049,0.8090969223693206,105.28765106201172,3.7052347660064697,371,425000,75000,224000,1000,
56,lgb,learning_rate=0.2_max_depth=6_num_leaves=31,"{""num_leaves"": 31, ""max_depth"": 6, ""learning_rate"": 0.2}",0.7396680461957215,0.6899128489308862,0.6673765012920538,66.07093101680961,72.12885269530582,74.5869370048474,0.8583827807230896,0.8264115037172993,0.8102895105982838,96.85598301887512,3.636061668395996,371,425000,75000,224000,1000,
56,lgb,learning_rate=0.05_max_depth=8_num_leaves=31,"{""num_leaves"": 31, ""max_depth"": 8, ""learning_rate"": 0.05}",0.6996722186174152,0.6865558914435879,0.6609538410289056,70.895772633963,72.50158150365803,75.30359732663038,0.831798558442076,0.8213423431261865,0.8041024121050063,121.25829982757568,3.979745626449585,371,425000,75000,224000,1000,
56,lgb,learning_rate=0.1_max_depth=8_num_leaves=31,"{""num_leaves"": 31, ""max_depth"": 8, ""learning_rate"": 0.1}",0.7196729113740945,0.6906354892687745,0.6652351552716281,68.44033563521688,71.87185149647796,74.82663776552573,0.8454698680954535,0.8256610539697355,0.8073550565604747,105.83375358581543,3.554495096206665,371,425000,75000,224000,1000,
56,lgb,learning_rate=0.2_max_depth=8_num_leaves=31,"{""num_leaves"": 31, ""max_depth"": 8, ""learning_rate"": 0.2}",0.7442811063205197,0.6939608767317353,0.6634754641181317,65.37299857918588,71.64459869906446,75.02304308516295,0.8618987284131189,0.8281189349424191,0.8069366582248318,93.87045979499817,3.208829641342163,371,425000,75000,224000,1000,
56,lgb,learning_rate=0.05_max_depth=10_num_leaves=31,"{""num_leaves"": 31, ""max_depth"": 10, ""learning_rate"": 0.05}",0.6983027094030477,0.6802597805607801,0.6612657401571012,71.07560161349197,73.09433361183265,75.26895229400661,0.8308648012464048,0.8183257564557561,0.804209935133273,121.29362201690674,3.9128708839416504,371,425000,75000,224000,1000,
56,lgb,learning_rate=0.1_max_depth=10_num_leaves=31,"{""num_leaves"": 31, ""max_depth"": 10, ""learning_rate"": 0.1}",0.718286223567831,0.6898574210028756,0.6680732444895056,68.64144364353199,72.13564612449107,74.50877778894174,0.8441540263940651,0.8253144061989918,0.8093669398145693,106.22033953666687,3.416712760925293,371,425000,75000,224000,1000,
56,lgb,learning_rate=0.2_max_depth=10_num_leaves=31,"{""num_leaves"": 31, ""max_depth"": 10, ""learning_rate"": 0.2}",0.7470222886798528,0.6980600467878122,0.6615983637771669,65.05678819717792,71.28109251311118,75.23198765309833,0.8634431526981375,0.8306049267125908,0.8060596352766282,93.26727247238159,3.0778701305389404,371,425000,75000,224000,1000,
56,lgb,learning_rate=0.05_max_depth=12_num_leaves=31,"{""num_leaves"": 31, ""max_depth"": 12, ""learning_rate"": 0.05}",0.6957840597465245,0.679950922437017,0.66286336603654,71.30566355351586,73.30818150799394,75.09124108174908,0.8291785364030851,0.8182345342772019,0.8053573400324479,122.64302110671997,3.931414842605591,371,425000,75000,224000,1000,
56,lgb,learning_rate=0.1_max_depth=12_num_leaves=31,"{""num_leaves"": 31, ""max_depth"": 12, ""learning_rate"": 0.1}",0.7197878516302085,0.6917370552715096,0.666269667191952,68.44402691120509,71.56045530179904,74.71093125371819,0.8450683509429046,0.8249962917095032,0.8079239477853184,104.96806454658508,3.4643714427948,371,425000,75000,224000,1000,
56,lgb,learning_rate=0.2_max_depth=12_num_leaves=31,"{""num_leaves"": 31, ""max_depth"": 12, ""learning_rate"": 0.2}",0.7464974088327276,0.6903621387153023,0.6618150522550337,65.03890791179896,71.94967497240063,75.2078971735781,0.8632070950694981,0.8253350254858361,0.8054807960073858,93.81176948547363,3.0067546367645264,371,425000,75000,224000,1000,
56,lgb,learning_rate=0.05_max_depth=6_num_leaves=63,"{""num_leaves"": 63, ""max_depth"": 6, ""learning_rate"": 0.05}",0.7081688507093513,0.683976495991742,0.6632923188389395,69.9222144336355,72.63767884933672,75.04345503999018,0.8377110699593303,0.8205806025659357,0.8061194994918064,126.42452502250671,4.021449327468872,371,425000,75000,224000,1000,
56,lgb,learning_rate=0.1_max_depth=6_num_leaves=63,"{""num_leaves"": 63, ""max_depth"": 6, ""learning_rate"": 0.1}",0.7304653931418646,0.693780977694299,0.6680779611006149,67.12729550832873,71.48519631617503,74.50824840983675,0.8531107968223892,0.8273099283497343,0.8099985628531059,115.29012823104858,4.574038982391357,371,425000,75000,224000,1000,
56,lgb,learning_rate=0.2_max_depth=6_num_leaves=63,"{""num_leaves"": 63, ""max_depth"": 6, ""learning_rate"": 0.2}",0.7617126131766909,0.6998760265865394,0.6622142116480862,63.19888089537075,71.04881449932053,75.16350016219872,0.8728284051451235,0.8316808755041967,0.8068675120779442,106.76732873916626,4.6349937915802,371,425000,75000,224000,1000,
56,lgb,learning_rate=0.05_max_depth=8_num_leaves=63,"{""num_leaves"": 63, ""max_depth"": 8, ""learning_rate"": 0.05}",0.7186807161609643,0.686323401576292,0.6661508533867226,68.55198712642783,72.45523523196124,74.72422926597314,0.8446165787776125,0.8223169380686419,0.8076713847363525,137.13536667823792,5.071302175521851,371,425000,75000,224000,1000,
56,lgb,learning_rate=0.1_max_depth=8_num_leaves=63,"{""num_leaves"": 63, ""max_depth"": 8, ""learning_rate"": 0.1}",0.7487557233054181,0.6978256026343644,0.6646605113232358,64.85329668695786,71.14060500788885,74.89083243622714,0.8645938579410619,0.830646267509832,0.8072390590688323,120.6922779083252,4.71017861366272,371,425000,75000,224000,1000,
56,lgb,learning_rate=0.2_max_depth=8_num_leaves=63,"{""num_leaves"": 63, ""max_depth"": 8, ""learning_rate"": 0.2}",0.7872596399191116,0.6984997953072901,0.6576480094743427,59.7653154358983,71.03227027682448,75.66982641409489,0.888776387005211,0.8320824188698392,0.803889209160756,108.51732754707336,4.1208086013793945,371,425000,75000,224000,990,
56,lgb,learning_rate=0.05_max_depth=10_num_leaves=63,"{""num_leaves"": 63, ""max_depth"": 10, ""learning_rate"": 0.05}",0.7229400686609431,0.6899929690339782,0.6648648262117822,68.054130379112,71.97952300779112,74.86801430117798,0.8478756076930284,0.8244530822959815,0.8068189335435105,140.51399636268616,4.544478178024292,371,425000,75000,224000,1000,
56,lgb,learning_rate=0.1_max_depth=10_num_leaves=63,"{""num_leaves"": 63, ""max_depth"": 10, ""learning_rate"": 0.1}",0.7543649958023714,0.701823048958049,0.6657168552825962,64.07631726489173,70.52323229183877,74.77278359259309,0.8684940034989348,0.8332176988691345,0.8078482615376187,118.27295470237732,4.016406536102295,371,425000,75000,224000,999,
56,lgb,learning_rate=0.2_max_depth=10_num_leaves=63,"{""num_leaves"": 63, ""max_depth"": 10, ""learning_rate"": 0.2}",0.7921962966625379,0.6955331530928002,0.659812077639101,58.911333685012124,71.31772737419196,75.43028601607331,0.8919634472745199,0.82930327184959,0.8054360792448584,104.53742504119873,3.6516387462615967,371,425000,75000,224000,997,
56,lgb,learning_rate=0.05_max_depth=12_num_leaves=63,"{""num_leaves"": 63, ""max_depth"": 12, ""learning_rate"": 0.05}",0.7221721274566113,0.6914463583888658,0.6649503422640279,68.16461992417054,71.87636667905439,74.8584616997208,0.8470416029447708,0.8258315703068498,0.8067359040934479,140.53861451148987,4.422233819961548,371,425000,75000,224000,1000,
56,lgb,learning_rate=0.1_max_depth=12_num_leaves=63,"{""num_leaves"": 63, ""max_depth"": 12, ""learning_rate"": 0.1}",0.751879555871974,0.6960541603693835,0.6680668408409846,64.42752520766821,71.3663639954855,74.5094965103397,0.867300081151449,0.8293368357836571,0.8095662985276745,121.43580341339111,3.885374069213867,371,425000,75000,224000,1000,
56,lgb,learning_rate=0.2_max_depth=12_num_leaves=63,"{""num_leaves"": 63, ""max_depth"": 12, ""learning_rate"": 0.2}",0.7954123229231235,0.6983786298486804,0.6572256085124089,58.4584781952879,71.02808213876477,75.7164935217409,0.8938985592619437,0.8313366542291508,0.8033955444339774,103.6323778629303,3.391111373901367,371,425000,75000,224000,1000,
56,lgb,learning_rate=0.05_max_depth=6_num_leaves=127,"{""num_leaves"": 127, ""max_depth"": 6, ""learning_rate"": 0.05}",0.7058749568537126,0.6809107689612264,0.6648341932554488,70.19863116978809,73.01878303010314,74.87143587012542,0.8359982240373274,0.8194396964975796,0.8071997441106726,126.53531098365784,4.089453935623169,371,425000,75000,224000,1000,
56,lgb,learning_rate=0.1_max_depth=6_num_leaves=127,"{""num_leaves"": 127, ""max_depth"": 6, ""learning_rate"": 0.1}",0.7340574597045204,0.694948770897601,0.6668996745801767,66.685290902437,71.26817233641431,74.64037927106145,0.8547811698230411,0.8291980978263035,0.8090250795391594,114.68933820724487,4.207736015319824,371,425000,75000,224000,999,
56,lgb,learning_rate=0.2_max_depth=6_num_leaves=127,"{""num_leaves"": 127, ""max_depth"": 6, ""learning_rate"": 0.2}",0.7611966583458868,0.6959288689683976,0.6642104633353558,63.1947971531616,71.3524351725898,74.94106983557373,0.8722700079590364,0.829648229067456,0.809047634213452,107.59928441047668,4.246939182281494,371,425000,75000,224000,1000,
56,lgb,learning_rate=0.05_max_depth=8_num_leaves=127,"{""num_leaves"": 127, ""max_depth"": 8, ""learning_rate"": 0.05}",0.7437007466297103,0.6912278445466243,0.6689673392673368,65.46500782937906,71.71095164878535,74.40835980532682,0.8613355226189202,0.8268192800736015,0.8099310141896336,158.30537509918213,5.695385932922363,371,425000,75000,224000,1000,
56,lgb,learning_rate=0.1_max_depth=8_num_leaves=127,"{""num_leaves"": 127, ""max_depth"": 8, ""learning_rate"": 0.1}",0.7803427697543922,0.7034247288604456,0.6658204626886832,60.62376141033277,70.45901745037469,74.76119519119595,0.8850685512546406,0.833908283755166,0.8085831285106073,137.83137702941895,5.759880542755127,371,425000,75000,224000,1000,
56,lgb,learning_rate=0.2_max_depth=8_num_leaves=127,"{""num_leaves"": 127, ""max_depth"": 8, ""learning_rate"": 0.2}",0.8297380607591072,0.7047407692038989,0.6515757408502324,53.348790336447635,70.22702820038359,76.33795150739014,0.9138441309377261,0.8353075526880055,0.8009282813005305,126.61201357841492,6.03755784034729,371,425000,75000,224000,998,
56,lgb,learning_rate=0.05_max_depth=10_num_leaves=127,"{""num_leaves"": 127, ""max_depth"": 10, ""learning_rate"": 0.05}",0.754534980324258,0.7000582401180617,0.6680426002041002,64.04606752765338,70.99343388222353,74.51221712535718,0.8687886004895703,0.8316185886974635,0.8090273489135109,164.1467900276184,5.7270989418029785,371,425000,75000,224000,1000,
56,lgb,learning_rate=0.1_max_depth=10_num_leaves=127,"{""num_leaves"": 127, ""max_depth"": 10, ""learning_rate"": 0.1}",0.7932725453512786,0.7019367143377035,0.6670357097740061,58.84278651713802,70.4930361502062,74.62513648297272,0.8933700680325412,0.8332255248809548,0.8087862481309422,141.34228658676147,5.4011149406433105,371,425000,75000,224000,1000,
56,lgb,learning_rate=0.2_max_depth=10_num_leaves=127,"{""num_leaves"": 127, ""max_depth"": 10, ""learning_rate"": 0.2}",0.8422254986858004,0.7014578197736976,0.6513547414846146,51.388655635231146,70.71289121329814,76.36215757811229,0.9211529956279709,0.8329531984472703,0.8006523907955008,123.47823333740234,5.008073568344116,371,425000,75000,224000,989,
56,lgb,learning_rate=0.05_max_depth=12_num_leaves=127,"{""num_leaves"": 127, ""max_depth"": 12, ""learning_rate"": 0.05}",0.7541107742413475,0.6946313404622653,0.6663590625728788,64.11379813931634,71.31920449084743,74.70092428278889,0.8690169389366472,0.8285502896159637,0.8079256822714751,163.88153767585754,5.333927154541016,371,425000,75000,224000,999,
56,lgb,learning_rate=0.1_max_depth=12_num_leaves=127,"{""num_leaves"": 127, ""max_depth"": 12, ""learning_rate"": 0.1}",0.7990393105498887,0.7068429231265208,0.6649821300277796,58.00973705933798,69.85261455429925,74.85491052531476,0.8969216022784489,0.8366359569525618,0.8077696882592205,137.87781023979187,4.794220924377441,371,425000,75000,224000,995,
56,lgb,learning_rate=0.2_max_depth=12_num_leaves=127,"{""num_leaves"": 127, ""max_depth"": 12, ""learning_rate"": 0.2}",0.8514036961338798,0.7049804517511101,0.6496592509339005,49.885948521825554,70.45213771448826,76.54761010846636,0.9263205814127645,0.8356631635764773,0.7994800535973763,121.6050717830658,4.348463296890259,371,425000,75000,224000,999,
56,lgb,learning_rate=0.05_max_depth=6_num_leaves=255,"{""num_leaves"": 255, ""max_depth"": 6, ""learning_rate"": 0.05}",0.7074718213670916,0.685826692707763,0.6651250118269305,69.909611999435,72.26699237885111,74.83894638449709,0.8372779550682745,0.8224168934796718,0.8074382954116559,124.61585712432861,4.084465980529785,371,425000,75000,224000,1000,
56,lgb,learning_rate=0.1_max_depth=6_num_leaves=255,"{""num_leaves"": 255, ""max_depth"": 6, ""learning_rate"": 0.1}",0.7342436193477112,0.6932609307452622,0.6673204106199628,66.72627885792485,71.51300861576193,74.59322557899254,0.8553172439070088,0.8276470907109102,0.8094038384870963,115.86899256706238,4.2032036781311035,371,425000,75000,224000,999,
56,lgb,learning_rate=0.2_max_depth=6_num_leaves=255,"{""num_leaves"": 255, ""max_depth"": 6, ""learning_rate"": 0.2}",0.7631186326111279,0.6973066577999278,0.6624430172955518,62.94240792661883,71.15562862601352,75.13803913449946,0.8736793141767528,0.8317846083391776,0.807645290383097,105.78305649757385,4.227326154708862,371,425000,75000,224000,1000,
56,lgb,learning_rate=0.05_max_depth=8_num_leaves=255,"{""num_leaves"": 255, ""max_depth"": 8, ""learning_rate"": 0.05}",0.7540054435876764,0.6995880902585176,0.6683608038733835,64.12235123825921,71.08338849845457,74.47649605759318,0.8684541183779394,0.831413652404736,0.8094890167028894,162.6955931186676,5.845937490463257,371,425000,75000,224000,1000,
56,lgb,learning_rate=0.1_max_depth=8_num_leaves=255,"{""num_leaves"": 255, ""max_depth"": 8, ""learning_rate"": 0.1}",0.7923984110854948,0.7046939412955333,0.6652434875227724,58.92922539523505,70.41961083114289,74.82570654734742,0.8924523556900605,0.8348762873267797,0.8080912973868813,137.99238443374634,6.137164354324341,371,425000,75000,224000,1000,
56,lgb,learning_rate=0.2_max_depth=8_num_leaves=255,"{""num_leaves"": 255, ""max_depth"": 8, ""learning_rate"": 0.2}",0.8381227806021099,0.7035367089437012,0.6504058904589054,52.01057370526572,70.33121864720083,76.46599819921396,0.9186890378001693,0.8351838573671487,0.8005215983899165,127.27582883834839,6.34848952293396,371,425000,75000,224000,1000,
56,lgb,learning_rate=0.05_max_depth=10_num_leaves=255,"{""num_leaves"": 255, ""max_depth"": 10, ""learning_rate"": 0.05}",0.7856050160998896,0.7056788083613038,0.6672970225629746,59.90630050597479,70.2130686338401,74.5958475612323,0.8889342412144363,0.8362676899681776,0.8085494171801241,178.98430562019348,7.215116739273071,371,425000,75000,224000,1000,
56,lgb,learning_rate=0.1_max_depth=10_num_leaves=255,"{""num_leaves"": 255, ""max_depth"": 10, ""learning_rate"": 0.1}",0.8376476794719514,0.7084545023423985,0.6603073253102498,52.110561751477334,69.84273454930668,75.3753600810951,0.9191505740690001,0.8380342116487547,0.8052047301044897,155.21263217926025,7.360897064208984,371,425000,75000,224000,1000,
56,lgb,learning_rate=0.2_max_depth=10_num_leaves=255,"{""num_leaves"": 255, ""max_depth"": 10, ""learning_rate"": 0.2}",0.8808482413540419,0.7036676912841238,0.6435811377199815,44.618552603900945,70.46786708181125,77.20877266443807,0.9418469089593103,0.8359194181527456,0.7963303435808909,142.22620749473572,7.03065824508667,371,425000,75000,224000,877,
56,lgb,learning_rate=0.05_max_depth=12_num_leaves=255,"{""num_leaves"": 255, ""max_depth"": 12, ""learning_rate"": 0.05}",0.7958388060086381,0.7021143227985702,0.6669310630845021,58.3774251304162,70.45643867901852,74.63686245512957,0.8953257981748157,0.833498710923431,0.8082952869066651,186.21126770973206,8.278829097747803,371,425000,75000,224000,1000,
56,lgb,learning_rate=0.1_max_depth=12_num_leaves=255,"{""num_leaves"": 255, ""max_depth"": 12, ""learning_rate"": 0.1}",0.8516346033319954,0.7096139659297072,0.6592744680964121,49.79640544559673,69.78533179583084,75.48986489900803,0.9270722511833285,0.8382352707909309,0.8042794742292279,159.00048780441284,6.9976935386657715,371,425000,75000,224000,1000,
56,lgb,learning_rate=0.2_max_depth=12_num_leaves=255,"{""num_leaves"": 255, ""max_depth"": 12, ""learning_rate"": 0.2}",0.8873137540757443,0.7054273138740395,0.641318283767788,43.34525902449589,70.0751578003767,77.45347877540947,0.9452428436164971,0.836923498209444,0.7950852478259587,130.883855342865,5.20740270614624,371,425000,75000,224000,807,
64,lgb,learning_rate=0.05_max_depth=6_num_leaves=31,"{""num_leaves"": 31, ""max_depth"": 6, ""learning_rate"": 0.05}",0.7033273182107278,0.6866219653069265,0.674540576769702,80.51470424370436,82.57946014607008,84.31928880939205,0.8335733603295368,0.8220309874868055,0.8159651639597855,131.5968325138092,4.5228705406188965,419,425000,75000,256000,1000,
64,lgb,learning_rate=0.1_max_depth=6_num_leaves=31,"{""num_leaves"": 31, ""max_depth"": 6, ""learning_rate"": 0.1}",0.7240479843432346,0.6974259571318862,0.6812432311685794,77.62399885424257,81.43984086870904,83.44651762844624,0.8473518012082035,0.8292207247786553,0.8204111701455886,115.40111041069031,4.339356422424316,419,425000,75000,256000,1000,
64,lgb,learning_rate=0.2_max_depth=6_num_leaves=31,"{""num_leaves"": 31, ""max_depth"": 6, ""learning_rate"": 0.2}",0.749014406246177,0.703547826611175,0.6821333201095128,74.03427425663595,80.47867531292111,83.32992913040108,0.8640128123276811,0.8342692725803257,0.8214109322728433,109.15299844741821,4.281952142715454,419,425000,75000,256000,1000,
64,lgb,learning_rate=0.05_max_depth=8_num_leaves=31,"{""num_leaves"": 31, ""max_depth"": 8, ""learning_rate"": 0.05}",0.7051940258661933,0.6915585490232239,0.6759222395758143,80.28850507776316,82.22551060916862,84.14011941937355,0.8349776409082036,0.8256858495858114,0.816726532346887,136.27816128730774,4.598954439163208,419,425000,75000,256000,1000,
64,lgb,learning_rate=0.1_max_depth=8_num_leaves=31,"{""num_leaves"": 31, ""max_depth"": 8, ""learning_rate"": 0.1}",0.7268451269737093,0.6963746927290222,0.6826234574966947,77.23274034800775,81.34950568799474,83.26565867823498,0.8492157931650813,0.828856949494968,0.8211063576940294,116.82096219062805,4.23654842376709,419,425000,75000,256000,1000,
64,lgb,learning_rate=0.2_max_depth=8_num_leaves=31,"{""num_leaves"": 31, ""max_depth"": 8, ""learning_rate"": 0.2}",0.7551435450424002,0.7023633069499362,0.6805607281506016,73.11509287352463,80.68267806281791,83.53580521769135,0.8680654656779561,0.8327600540475086,0.820136902843406,106.20814824104309,3.868731737136841,419,425000,75000,256000,999,
64,lgb,learning_rate=0.05_max_depth=10_num_leaves=31,"{""num_leaves"": 31, ""max_depth"": 10, ""learning_rate"": 0.05}",0.7095360476802463,0.6949258102497933,0.6767158643410593,79.70612024067216,81.60939692306128,84.03703210194584,0.8371809337091911,0.827226956307745,0.8172428343755475,139.59930038452148,4.757580041885376,419,425000,75000,256000,999,
64,lgb,learning_rate=0.1_max_depth=10_num_leaves=31,"{""num_leaves"": 31, ""max_depth"": 10, ""learning_rate"": 0.1}",0.7279282543764307,0.7005462949174955,0.6820227250629405,77.10194390620195,80.92994046885346,83.34442432051948,0.850228600644803,0.8323345204934683,0.8203936498580794,117.38354539871216,4.09473729133606,419,425000,75000,256000,1000,
64,lgb,learning_rate=0.2_max_depth=10_num_leaves=31,"{""num_leaves"": 31, ""max_depth"": 10, ""learning_rate"": 0.2}",0.7575832274781289,0.7022913135143769,0.6828653576289296,72.86154961875087,80.67801747594334,83.23392064691309,0.8695440714176665,0.833610886448594,0.8214297729199879,103.842369556427,3.6997690200805664,419,425000,75000,256000,1000,
64,lgb,learning_rate=0.05_max_depth=12_num_leaves=31,"{""num_leaves"": 31, ""max_depth"": 12, ""learning_rate"": 0.05}",0.7051414483199057,0.693256092088265,0.6767080876907094,80.28271889054652,82.1458675914851,84.03804285783035,0.8348252932628606,0.8264559467013279,0.8173156652489678,141.2869575023651,5.083425283432007,419,425000,75000,256000,1000,
64,lgb,learning_rate=0.1_max_depth=12_num_leaves=31,"{""num_leaves"": 31, ""max_depth"": 12, ""learning_rate"": 0.1}",0.72971571522979,0.6973765017779452,0.6838046845070569,76.86893642226305,81.49652901473665,83.11056320211178,0.8514287600910878,0.8294979139684214,0.8219061948279128,119.23271131515503,4.555914640426636,419,425000,75000,256000,1000,
64,lgb,learning_rate=0.2_max_depth=12_num_leaves=31,"{""num_leaves"": 31, ""max_depth"": 12, ""learning_rate"": 0.2}",0.7579799939859586,0.7062787770861937,0.679361193438325,72.76673204568736,80.0884450085154,83.69250198817952,0.8695902813389794,0.8349909249068971,0.8188140153803268,107.57315564155579,4.543249845504761,419,425000,75000,256000,1000,
64,lgb,learning_rate=0.05_max_depth=6_num_leaves=63,"{""num_leaves"": 63, ""max_depth"": 6, ""learning_rate"": 0.05}",0.7177778339444932,0.6929160768697604,0.6805799912942325,78.49117910982636,82.13498783485782,83.53328645025087,0.8435129380203872,0.8252956415216997,0.8200343070073821,144.28496026992798,5.403554439544678,419,425000,75000,256000,1000,
64,lgb,learning_rate=0.1_max_depth=6_num_leaves=63,"{""num_leaves"": 63, ""max_depth"": 6, ""learning_rate"": 0.1}",0.7403005871554167,0.702439517547234,0.6850598114541405,75.28906604922868,80.63954634335562,82.94544685413081,0.8587529569073624,0.8334592944178221,0.8230007188848406,130.04595971107483,5.396599054336548,419,425000,75000,256000,1000,
64,lgb,learning_rate=0.2_max_depth=6_num_leaves=63,"{""num_leaves"": 63, ""max_depth"": 6, ""learning_rate"": 0.2}",0.773327217261723,0.7048533559050325,0.6817628247044836,70.39429672022047,80.26385110693269,83.37847835997238,0.8794474103361234,0.8348697832583498,0.821619875703086,120.62315034866333,5.32140326499939,419,425000,75000,256000,1000,
64,lgb,learning_rate=0.05_max_depth=8_num_leaves=63,"{""num_leaves"": 63, ""max_depth"": 8, ""learning_rate"": 0.05}",0.7277435690820859,0.7021223648768076,0.6810308858240125,77.12911587423176,80.54847185532317,83.47430767279829,0.8502124338335627,0.8320829822016285,0.8196386520333229,158.39312744140625,5.493061780929565,419,425000,75000,256000,1000,
64,lgb,learning_rate=0.1_max_depth=8_num_leaves=63,"{""num_leaves"": 63, ""max_depth"": 8, ""learning_rate"": 0.1}",0.7565075166200557,0.7026369270627427,0.6854657048734261,72.86623973046667,80.54608594353871,82.89197977255574,0.8690811182914387,0.8320261619208018,0.8226881558957356,135.12108969688416,5.256387948989868,419,425000,75000,256000,1000,
64,lgb,learning_rate=0.2_max_depth=8_num_leaves=63,"{""num_leaves"": 63, ""max_depth"": 8, ""learning_rate"": 0.2}",0.794234418045079,0.7028878699804066,0.6755066072788845,67.07983382536109,80.43425024896358,84.19405731606565,0.8927988758419626,0.8336775403605393,0.8172760548597358,119.45506596565247,5.031158924102783,419,425000,75000,256000,1000,
64,lgb,learning_rate=0.05_max_depth=10_num_leaves=63,"{""num_leaves"": 63, ""max_depth"": 10, ""learning_rate"": 0.05}",0.7331248701235271,0.7013202007116686,0.6831470580495642,76.42304951791361,80.60735137545271,83.19694543757456,0.8534243778684175,0.8320531967126661,0.8209151793680722,162.81978058815002,5.443068504333496,419,425000,75000,256000,1000,
64,lgb,learning_rate=0.1_max_depth=10_num_leaves=63,"{""num_leaves"": 63, ""max_depth"": 10, ""learning_rate"": 0.1}",0.7628915372390177,0.7065885780502319,0.6852726672681526,71.93994449591911,80.07691921230683,82.91741231707843,0.8732162323182218,0.8356756270099576,0.8224879059401317,136.06559443473816,4.837612628936768,419,425000,75000,256000,999,
64,lgb,learning_rate=0.2_max_depth=10_num_leaves=63,"{""num_leaves"": 63, ""max_depth"": 10, ""learning_rate"": 0.2}",0.802115566754654,0.7076412628448139,0.6776607710467675,65.72257112122237,80.05492781262306,83.91412897296023,0.8976663619082781,0.8371130216790874,0.8183807736872084,117.91493010520935,4.416676759719849,419,425000,75000,256000,1000,
64,lgb,learning_rate=0.05_max_depth=12_num_leaves=63,"{""num_leaves"": 63, ""max_depth"": 12, ""learning_rate"": 0.05}",0.7301062296591893,0.7020452210690215,0.6810491459524954,76.93521590089583,80.87610868283336,83.47191829819924,0.8517111101261612,0.832221448851863,0.8196433750640153,159.8037919998169,5.296720027923584,419,425000,75000,256000,1000,
64,lgb,learning_rate=0.1_max_depth=12_num_leaves=63,"{""num_leaves"": 63, ""max_depth"": 12, ""learning_rate"": 0.1}",0.7630286431570069,0.7063676731075426,0.6836809202880225,71.99253310130412,80.10639517921776,83.1268270540749,0.873283920494649,0.8351421026274901,0.8212513603822169,131.43372130393982,4.592102766036987,419,425000,75000,256000,997,
64,lgb,learning_rate=0.2_max_depth=12_num_leaves=63,"{""num_leaves"": 63, ""max_depth"": 12, ""learning_rate"": 0.2}",0.8042012288762239,0.708810503774666,0.6788551132440083,65.42437614036193,79.82360623996395,83.75852396864649,0.8988397551859897,0.8373481471479679,0.8192868271869059,115.55700492858887,4.048678874969482,419,425000,75000,256000,1000,
64,lgb,learning_rate=0.05_max_depth=6_num_leaves=127,"{""num_leaves"": 127, ""max_depth"": 6, ""learning_rate"": 0.05}",0.7163074775083611,0.6933567570142201,0.6778228532394776,78.7706888378943,81.80426349004561,83.89302900283374,0.8425048184408842,0.8259547260002502,0.8180811658481084,140.31282258033752,4.874728202819824,419,425000,75000,256000,1000,
64,lgb,learning_rate=0.1_max_depth=6_num_leaves=127,"{""num_leaves"": 127, ""max_depth"": 6, ""learning_rate"": 0.1}",0.7422748183149119,0.7036279000754901,0.6835374791574085,75.13693900349652,80.23043301369441,83.14567266813482,0.8596421633154078,0.8343297416774087,0.8218059916115298,126.23809456825256,4.999532222747803,419,425000,75000,256000,1000,
64,lgb,learning_rate=0.2_max_depth=6_num_leaves=127,"{""num_leaves"": 127, ""max_depth"": 6, ""learning_rate"": 0.2}",0.7704002431048222,0.7011567375331874,0.6798036515124594,70.80648771075545,80.58427653481108,83.63473729137581,0.8778813374861394,0.8328008291207518,0.8204903437753751,121.25205063819885,5.068019390106201,419,425000,75000,256000,1000,
64,lgb,learning_rate=0.05_max_depth=8_num_leaves=127,"{""num_leaves"": 127, ""max_depth"": 8, ""learning_rate"": 0.05}",0.7526958886869917,0.7044305743924015,0.6843908495177193,73.4219702533151,80.36443602438017,83.03349200517248,0.8669123098962658,0.8339973087827973,0.8218955075627868,182.20502924919128,6.808223485946655,419,425000,75000,256000,1000,
64,lgb,learning_rate=0.1_max_depth=8_num_leaves=127,"{""num_leaves"": 127, ""max_depth"": 8, ""learning_rate"": 0.1}",0.7918795886467292,0.7127493862121812,0.6834676367213979,67.48636859972999,79.32521604702846,83.15484717628843,0.8917552678821986,0.8396971703476103,0.8216582836857337,160.16337299346924,6.938551664352417,419,425000,75000,256000,1000,
64,lgb,learning_rate=0.2_max_depth=8_num_leaves=127,"{""num_leaves"": 127, ""max_depth"": 8, ""learning_rate"": 0.2}",0.8389286345655838,0.7141039463666805,0.6726608259810302,59.38344608873281,78.97443125897082,84.56243900951475,0.9188320601305358,0.8419592649388221,0.816432755607477,147.4864616394043,6.930791616439819,419,425000,75000,256000,996,
64,lgb,learning_rate=0.05_max_depth=10_num_leaves=127,"{""num_leaves"": 127, ""max_depth"": 10, ""learning_rate"": 0.05}",0.7638073713570193,0.7120261665261172,0.6850496610671281,71.91575382605245,79.49692200060566,82.94678349142492,0.8742917085281829,0.8387431390731541,0.8222281514194759,187.3105697631836,6.799114942550659,419,425000,75000,256000,1000,
64,lgb,learning_rate=0.1_max_depth=10_num_leaves=127,"{""num_leaves"": 127, ""max_depth"": 10, ""learning_rate"": 0.1}",0.8033429976543589,0.7155820324723615,0.6848689136623729,65.51086524187944,78.82753952795902,82.9705813154099,0.898936683213089,0.8409839691103683,0.822292424081604,157.59028816223145,6.2913572788238525,419,425000,75000,256000,1000,
64,lgb,learning_rate=0.2_max_depth=10_num_leaves=127,"{""num_leaves"": 127, ""max_depth"": 10, ""learning_rate"": 0.2}",0.8531051102034892,0.7092830645730552,0.6712127755716208,56.74610899248501,79.81679901824656,84.74927205849058,0.926939088875848,0.8378539638041081,0.8149775681837521,143.6828269958496,5.740012884140015,419,425000,75000,256000,991,
64,lgb,learning_rate=0.05_max_depth=12_num_leaves=127,"{""num_leaves"": 127, ""max_depth"": 12, ""learning_rate"": 0.05}",0.7660053144484582,0.7090963476146835,0.6850282143288822,71.48741083674688,79.74358748527868,82.94960759962633,0.8758001187558878,0.83729321290136,0.8218874516408071,181.31645107269287,6.422240495681763,419,425000,75000,256000,1000,
64,lgb,learning_rate=0.1_max_depth=12_num_leaves=127,"{""num_leaves"": 127, ""max_depth"": 12, ""learning_rate"": 0.1}",0.8085865204716691,0.711505070710202,0.6819338562060426,64.62046872865147,79.6209468373857,83.35607013118448,0.9022086355288952,0.8392362141884067,0.8205971167870048,158.22457575798035,5.695743560791016,419,425000,75000,256000,1000,
64,lgb,learning_rate=0.2_max_depth=12_num_leaves=127,"{""num_leaves"": 127, ""max_depth"": 12, ""learning_rate"": 0.2}",0.8582935484984131,0.7094830814645039,0.6714558580334156,55.63670268401996,79.5972795949728,84.71793739991271,0.9299668555157927,0.8379399442340068,0.8153294286238667,136.99908995628357,5.1413702964782715,419,425000,75000,256000,997,
64,lgb,learning_rate=0.05_max_depth=6_num_leaves=255,"{""num_leaves"": 255, ""max_depth"": 6, ""learning_rate"": 0.05}",0.7167779155098877,0.6976859905706554,0.6780145420199737,78.63319416640805,81.42968220588244,83.86806797547067,0.8429350947461197,0.8290918002376074,0.8182823123985387,142.7518117427826,4.818844556808472,419,425000,75000,256000,1000,
64,lgb,learning_rate=0.1_max_depth=6_num_leaves=255,"{""num_leaves"": 255, ""max_depth"": 6, ""learning_rate"": 0.1}",0.7404720800464729,0.7035641756993709,0.6851307298088201,75.18804660857492,80.69406216698846,82.93610748427896,0.8583572715832306,0.8338158551473244,0.8230007546773797,130.9412078857422,4.935234785079956,419,425000,75000,256000,1000,
64,lgb,learning_rate=0.2_max_depth=6_num_leaves=255,"{""num_leaves"": 255, ""max_depth"": 6, ""learning_rate"": 0.2}",0.7748571573539142,0.7074010703006173,0.6790356117839268,70.1306355375623,79.84863142621163,83.73498254419817,0.8804285507379136,0.8373174591425898,0.8198652478504815,120.70497417449951,5.123891592025757,419,425000,75000,256000,1000,
64,lgb,learning_rate=0.05_max_depth=8_num_leaves=255,"{""num_leaves"": 255, ""max_depth"": 8, ""learning_rate"": 0.05}",0.7623094288005459,0.702533698370194,0.68537633721096,72.0392264158217,80.44237616920647,82.9037548579211,0.8731603605664667,0.832834551604698,0.8228135849441438,188.30108213424683,7.825552701950073,419,425000,75000,256000,1000,
64,lgb,learning_rate=0.1_max_depth=8_num_leaves=255,"{""num_leaves"": 255, ""max_depth"": 8, ""learning_rate"": 0.1}",0.8010377834640715,0.7110233947918282,0.6828103072194889,65.98109228228181,79.49509526127105,83.2411444912518,0.8970703170894118,0.8389668383354688,0.8215481103954037,164.8564805984497,8.196999788284302,419,425000,75000,256000,1000,
64,lgb,learning_rate=0.2_max_depth=8_num_leaves=255,"{""num_leaves"": 255, ""max_depth"": 8, ""learning_rate"": 0.2}",0.8471088912866678,0.7085504309641408,0.6715765904809746,57.83099959866218,79.52520235629298,84.70237001876328,0.9235165665235522,0.8380880025320651,0.8160533936223224,153.29842376708984,8.066675901412964,419,425000,75000,256000,990,
64,lgb,learning_rate=0.05_max_depth=10_num_leaves=255,"{""num_leaves"": 255, ""max_depth"": 10, ""learning_rate"": 0.05}",0.7941029129486266,0.7106339304042771,0.6852350311244693,66.97372604423433,79.40532436150382,82.92236993916774,0.893659224011616,0.8390446307076623,0.8225189785390197,215.62614035606384,9.331725597381592,419,425000,75000,256000,1000,
64,lgb,learning_rate=0.1_max_depth=10_num_leaves=255,"{""num_leaves"": 255, ""max_depth"": 10, ""learning_rate"": 0.1}",0.8458436868301562,0.7165217821185534,0.6813137998467674,57.97317958904899,78.68297351384379,83.43728012044379,0.923521350545592,0.8421552202769567,0.8203038905212754,189.9365816116333,8.779039144515991,419,425000,75000,256000,1000,
64,lgb,learning_rate=0.2_max_depth=10_num_leaves=255,"{""num_leaves"": 255, ""max_depth"": 10, ""learning_rate"": 0.2}",0.8954660489334135,0.7101350743511828,0.6635292581769545,47.76378027608969,79.160153059415,85.73381755649216,0.9493023922040269,0.8388841101442587,0.8113628439857498,176.28359270095825,8.12837290763855,419,425000,75000,256000,938,
64,lgb,learning_rate=0.05_max_depth=12_num_leaves=255,"{""num_leaves"": 255, ""max_depth"": 12, ""learning_rate"": 0.05}",0.809088580529622,0.7158850678352493,0.6856318003321105,64.61401556180152,78.9149788626188,82.87009058638083,0.9026862949524215,0.8408564483699192,0.822510324476479,235.60081934928894,8.874059200286865,419,425000,75000,256000,1000,
64,lgb,learning_rate=0.1_max_depth=12_num_leaves=255,"{""num_leaves"": 255, ""max_depth"": 12, ""learning_rate"": 0.1}",0.8617813635193949,0.7224875553111141,0.6783471575509775,54.92973935618149,77.87185728968096,83.82473833248457,0.932479332535124,0.8461016927754363,0.8182407932316009,197.35315442085266,8.792726278305054,419,425000,75000,256000,1000,
64,lgb,learning_rate=0.2_max_depth=12_num_leaves=255,"{""num_leaves"": 255, ""max_depth"": 12, ""learning_rate"": 0.2}",0.9065941747090107,0.7126599721190174,0.6619062730968989,45.20773831182989,79.19938328093073,85.94033969929355,0.9550854972248741,0.841067815185853,0.8098563054928989,170.7538139820099,7.080939769744873,419,425000,75000,256000,920,
48,mlp,epochs=15_hidden_dim=128_learning_rate=0.001,"{""hidden_dim"": 128, ""epochs"": 15, ""learning_rate"": 0.001}",-14.982073783874512,0.6668463945388794,0.6668463945388794,23.052200317382812,63.98252487182617,63.98252487182617,0.6066806937067392,0.8138391148292446,0.8138391148292446,72.79989528656006,0.1473243236541748,2304,3840000,192000,192000,15,
48,mlp,epochs=25_hidden_dim=128_learning_rate=0.001,"{""hidden_dim"": 128, ""epochs"": 25, ""learning_rate"": 0.001}",-16.514698028564453,0.66533362865448,0.66533362865448,24.132213592529297,64.12763214111328,64.12763214111328,0.602150392120234,0.8126379119859897,0.8126379119859897,123.47618556022644,0.14574217796325684,2304,3840000,192000,192000,25,
48,mlp,epochs=15_hidden_dim=256_learning_rate=0.001,"{""hidden_dim"": 256, ""epochs"": 15, ""learning_rate"": 0.001}",-14.329747200012207,0.6693858504295349,0.6693858504295349,22.57684898376465,63.73820877075195,63.73820877075195,0.5635774950616156,0.8156363483525513,0.8156363483525513,98.52306914329529,0.19101452827453613,2304,3840000,192000,192000,15,
48,mlp,epochs=25_hidden_dim=256_learning_rate=0.001,"{""hidden_dim"": 256, ""epochs"": 25, ""learning_rate"": 0.001}",-17.54405403137207,0.6734063625335693,0.6734063625335693,24.831226348876953,63.34946823120117,63.34946823120117,0.6379694770456544,0.8170373506970522,0.8170373506970522,164.2475802898407,0.19055986404418945,2304,3840000,192000,192000,25,
48,mlp,epochs=15_hidden_dim=512_learning_rate=0.001,"{""hidden_dim"": 512, ""epochs"": 15, ""learning_rate"": 0.001}",-17.53062629699707,0.6745879650115967,0.6745879650115967,24.822235107421875,63.23476791381836,63.23476791381836,0.5810678593936267,0.8177564611134589,0.8177564611134589,179.79926657676697,0.29807472229003906,2304,3840000,192000,192000,15,
48,mlp,epochs=25_hidden_dim=512_learning_rate=0.001,"{""hidden_dim"": 512, ""epochs"": 25, ""learning_rate"": 0.001}",-17.79242706298828,0.6755211353302002,0.6755211353302002,24.996963500976562,63.14403533935547,63.14403533935547,0.5793065284974414,0.8179919622410087,0.8179919622410087,299.10640048980713,0.297544002532959,2304,3840000,192000,192000,25,
56,mlp,epochs=15_hidden_dim=128_learning_rate=0.001,"{""hidden_dim"": 128, ""epochs"": 15, ""learning_rate"": 0.001}",-19.814603805541992,0.6970239281654358,0.6970239281654358,26.307519912719727,71.1853256225586,71.1853256225586,0.5599175449498172,0.8310399967545932,0.8310399967545932,104.67208743095398,0.22391510009765625,3136,4480000,224000,224000,15,
56,mlp,epochs=25_hidden_dim=128_learning_rate=0.001,"{""hidden_dim"": 128, ""epochs"": 25, ""learning_rate"": 0.001}",-20.056869506835938,0.7033836841583252,0.7033836841583252,26.460176467895508,70.43424224853516,70.43424224853516,0.5702142157667179,0.8348435323556023,0.8348435323556023,176.98319745063782,0.2280263900756836,3136,4480000,224000,224000,25,
56,mlp,epochs=15_hidden_dim=256_learning_rate=0.001,"{""hidden_dim"": 256, ""epochs"": 15, ""learning_rate"": 0.001}",-17.833118438720703,0.7009411454200745,0.7009411454200745,25.024011611938477,70.72364044189453,70.72364044189453,0.561398343343489,0.8331459894750506,0.8331459894750506,148.01199173927307,0.2909221649169922,3136,4480000,224000,224000,15,
56,mlp,epochs=25_hidden_dim=256_learning_rate=0.001,"{""hidden_dim"": 256, ""epochs"": 25, ""learning_rate"": 0.001}",-13.197254180908203,0.7059552073478699,0.7059552073478699,21.726911544799805,70.12825775146484,70.12825775146484,0.5583337280601685,0.8355765050309315,0.8355765050309315,247.35648775100708,0.2903103828430176,3136,4480000,224000,224000,25,
56,mlp,epochs=15_hidden_dim=512_learning_rate=0.001,"{""hidden_dim"": 512, ""epochs"": 15, ""learning_rate"": 0.001}",-12.596833229064941,0.7038282155990601,0.7038282155990601,21.26251792907715,70.38143157958984,70.38143157958984,0.573370880189211,0.8340232905042523,0.8340232905042523,256.1438720226288,0.45240092277526855,3136,4480000,224000,224000,15,
56,mlp,epochs=25_hidden_dim=512_learning_rate=0.001,"{""hidden_dim"": 512, ""epochs"": 25, ""learning_rate"": 0.001}",-15.120357513427734,0.7066493034362793,0.7066493034362793,23.151714324951172,70.04544067382812,70.04544067382812,0.5426581754810887,0.8358217254331783,0.8358217254331783,419.9733364582062,0.45743298530578613,3136,4480000,224000,224000,25,
64,mlp,epochs=15_hidden_dim=128_learning_rate=0.001,"{""hidden_dim"": 128, ""epochs"": 15, ""learning_rate"": 0.001}",-16.807958602905273,0.7015101909637451,0.7015101909637451,24.333406448364258,80.75012969970703,80.75012969970703,0.5602202670742995,0.8332059610970812,0.8332059610970812,136.96785283088684,0.28995203971862793,4096,5120000,256000,256000,15,
64,mlp,epochs=25_hidden_dim=128_learning_rate=0.001,"{""hidden_dim"": 128, ""epochs"": 25, ""learning_rate"": 0.001}",-19.90696907043457,0.7072078585624695,0.7072078585624695,26.36582374572754,79.9757308959961,79.9757308959961,0.5507412129721672,0.8364997528656813,0.8364997528656813,226.4218499660492,0.2836799621582031,4096,5120000,256000,256000,25,
64,mlp,epochs=15_hidden_dim=256_learning_rate=0.001,"{""hidden_dim"": 256, ""epochs"": 15, ""learning_rate"": 0.001}",-14.55289363861084,0.7101059556007385,0.7101059556007385,22.74057388305664,79.57894134521484,79.57894134521484,0.5854701824074214,0.8383055480752605,0.8383055480752605,215.06234979629517,0.39780521392822266,4096,5120000,256000,256000,15,
64,mlp,epochs=25_hidden_dim=256_learning_rate=0.001,"{""hidden_dim"": 256, ""epochs"": 25, ""learning_rate"": 0.001}",-12.309990882873535,0.7141058444976807,0.7141058444976807,21.03704261779785,79.02802276611328,79.02802276611328,0.5645360321288274,0.8403238885472977,0.8403238885472977,358.00494861602783,0.4064903259277344,4096,5120000,256000,256000,25,
64,mlp,epochs=15_hidden_dim=512_learning_rate=0.001,"{""hidden_dim"": 512, ""epochs"": 15, ""learning_rate"": 0.001}",-13.226448059082031,0.7111657857894897,0.7111657857894897,21.749238967895508,79.43333435058594,79.43333435058594,0.5049032072222195,0.8385540160304995,0.8385540160304995,374.86740589141846,0.6881527900695801,4096,5120000,256000,256000,15,
64,mlp,epochs=25_hidden_dim=512_learning_rate=0.001,"{""hidden_dim"": 512, ""epochs"": 25, ""learning_rate"": 0.001}",-12.736552238464355,0.7137432098388672,0.7137432098388672,21.371484756469727,79.07813262939453,79.07813262939453,0.5800326851501649,0.8399784033332429,0.8399784033332429,629.3972084522247,0.665416955947876,4096,5120000,256000,256000,25,
